,Unnamed: 0,token,is_abbreviation,special_symbols,letters_numbers_combination,vowels_consonants_combination,get_token_length,upper_letters_rate,upper_letters_inside,is_in_dictionary
0,0,Недостаточность,0,0,1,3,15,0.06666666666666667,0,1
1,1,дефицит,0,0,1,3,7,0.0,0,1
2,2,витамина,0,0,1,3,8,0.0,0,1
3,3,D,0,0,1,0,1,1.0,0,0
4,4,женщин,0,0,1,3,6,0.0,0,1
5,5,бесплодием,0,0,1,3,10,0.0,0,1
6,6,встречаются,0,0,1,3,11,0.0,0,1
7,7,чаще,0,0,1,3,4,0.0,0,1
8,8,",",0,1,0,0,1,0.0,0,0
9,9,популяции,0,0,1,3,9,0.0,0,1
10,10,.,0,1,0,0,1,0.0,0,0
11,11,Однако,0,0,1,3,6,0.16666666666666666,0,1
12,12,сих,0,0,1,3,3,0.0,0,1
13,13,пор,0,0,1,3,3,0.0,0,1
14,14,знаем,0,0,1,3,5,0.0,0,1
15,15,точных,0,0,1,3,6,0.0,0,1
16,16,механизмов,0,0,1,3,10,0.0,0,1
17,17,участия,0,0,1,3,7,0.0,0,1
18,18,витамина,0,0,1,3,8,0.0,0,1
19,19,D,0,0,1,0,1,1.0,0,0
20,20,регуляции,0,0,1,3,9,0.0,0,1
21,21,репродуктивной,0,0,1,3,14,0.0,0,1
22,22,функции,0,0,1,3,7,0.0,0,1
23,23,.,0,1,0,0,1,0.0,0,0
24,24,Целью,0,0,1,3,5,0.2,0,1
25,25,данного,0,0,1,3,7,0.0,0,1
26,26,исследования,0,0,1,3,12,0.0,0,1
27,27,является,0,0,1,3,8,0.0,0,1
28,28,анализ,0,0,1,3,6,0.0,0,1
29,29,современных,0,0,1,3,11,0.0,0,1
30,30,литературных,0,0,1,3,12,0.0,0,1
31,31,данных,0,0,1,3,6,0.0,0,1
32,32,роли,0,0,1,3,4,0.0,0,1
33,33,витамина,0,0,1,3,8,0.0,0,1
34,34,D,0,0,1,0,1,1.0,0,0
35,35,регуляции,0,0,1,3,9,0.0,0,1
36,36,РФ,1,0,1,0,2,1.0,1,0
37,37,влиянии,0,0,1,3,7,0.0,0,1
38,38,результаты,0,0,1,3,10,0.0,0,1
39,39,использования,0,0,1,3,13,0.0,0,1
40,40,вспомогательных,0,0,1,3,15,0.0,0,1
41,41,репродуктивных,0,0,1,3,14,0.0,0,1
42,42,технологий,0,0,1,3,10,0.0,0,1
43,43,(,0,1,0,0,1,0.0,0,0
44,44,ВРТ,1,0,1,0,3,1.0,1,0
45,45,),0,1,0,0,1,0.0,0,0
46,46,лечении,0,0,1,3,7,0.0,0,1
47,47,бесп-ия,1,1,1,3,7,0.0,0,0
48,48,.,0,1,0,0,1,0.0,0,0
49,49,Был,0,0,1,3,3,0.3333333333333333,0,1
50,50,проведен,0,0,1,3,8,0.0,0,1
51,51,поиск,0,0,1,3,5,0.0,0,1
52,52,литист,1,0,1,3,6,0.0,0,0
53,53,",",0,1,0,0,1,0.0,0,0
54,54,опубликованных,0,0,1,3,14,0.0,0,1
55,55,базе,0,0,1,3,4,0.0,0,1
56,56,данных,0,0,1,3,6,0.0,0,1
57,57,NSBI,0,0,1,3,4,1.0,1,0
58,58,PubMed,0,0,1,3,6,0.3333333333333333,1,0
59,59,",",0,1,0,0,1,0.0,0,0
60,60,Medline,0,0,1,3,7,0.14285714285714285,0,0
61,61,др,1,0,1,0,2,0.0,0,0
62,62,.,0,1,0,0,1,0.0,0,0
63,63,глубиной,0,0,1,3,8,0.0,0,1
64,64,поиска,0,0,1,3,6,0.0,0,1
65,65,20,0,0,2,0,2,0.0,0,0
66,66,лет,0,0,1,3,3,0.0,0,1
67,67,.,0,1,0,0,1,0.0,0,0
68,68,Было,0,0,1,3,4,0.25,0,1
69,69,изучено,0,0,1,3,7,0.0,0,1
70,70,135,0,0,2,0,3,0.0,0,0
71,71,источников,0,0,1,3,10,0.0,0,1
72,72,данной,0,0,1,3,6,0.0,0,1
73,73,теме,0,0,1,3,4,0.0,0,1
74,74,",",0,1,0,0,1,0.0,0,0
75,75,которых,0,0,1,3,7,0.0,0,1
76,76,54,0,0,2,0,2,0.0,0,0
77,77,включены,0,0,1,3,8,0.0,0,1
78,78,анализ,0,0,1,3,6,0.0,0,1
79,79,.,0,1,0,0,1,0.0,0,0
80,80,В,0,0,1,0,1,1.0,0,1
81,81,обзоре,0,0,1,3,6,0.0,0,0
82,82,представлены,0,0,1,3,12,0.0,0,1
83,83,данные,0,0,1,3,6,0.0,0,1
84,84,",",0,1,0,0,1,0.0,0,0
85,85,полученные,0,0,1,3,10,0.0,0,1
86,86,работах,0,0,1,3,7,0.0,0,1
87,87,животных,0,0,1,3,8,0.0,0,1
88,88,",",0,1,0,0,1,0.0,0,0
89,89,in,0,0,1,3,2,0.0,0,0
90,90,vitro,0,0,1,3,5,0.0,0,0
91,91,клинических,0,0,1,3,11,0.0,0,1
92,92,исследованиях,0,0,1,3,13,0.0,0,1
93,93,.,0,1,0,0,1,0.0,0,0
94,94,Так,0,0,1,3,3,0.3333333333333333,0,1
95,95,",",0,1,0,0,1,0.0,0,0
96,96,отсутствие,0,0,1,3,10,0.0,0,1
97,97,витамина,0,0,1,3,8,0.0,0,1
98,98,D,0,0,1,0,1,1.0,0,0
99,99,приводило,0,0,1,3,9,0.0,0,1
100,100,резкому,0,0,1,3,7,0.0,0,1
101,101,снижению,0,0,1,3,8,0.0,0,1
102,102,фертильности,0,0,1,3,12,0.0,0,1
103,103,самок,0,0,1,3,5,0.0,0,1
104,104,",",0,1,0,0,1,0.0,0,0
105,105,самцов,0,0,1,3,6,0.0,0,1
106,106,крыс,0,0,1,3,4,0.0,0,1
107,107,мышей,0,0,1,3,5,0.0,0,1
108,108,счет,0,0,1,3,4,0.0,0,0
109,109,развития,0,0,1,3,8,0.0,0,1
110,110,гипокальциемии,0,0,1,3,14,0.0,0,0
111,111,.,0,1,0,0,1,0.0,0,0
112,112,Работы,0,0,1,3,6,0.16666666666666666,0,1
113,113,",",0,1,0,0,1,0.0,0,0
114,114,проведенные,0,0,1,3,11,0.0,0,1
115,115,in,0,0,1,3,2,0.0,0,0
116,116,vitro,0,0,1,3,5,0.0,0,0
117,117,",",0,1,0,0,1,0.0,0,0
118,118,описывают,0,0,1,3,9,0.0,0,1
119,119,участие,0,0,1,3,7,0.0,0,1
120,120,рецептивной,0,0,1,3,11,0.0,0,1
121,121,трансформации,0,0,1,3,13,0.0,0,1
122,122,эндометрия,0,0,1,3,10,0.0,0,1
123,123,формировании,0,0,1,3,12,0.0,0,1
124,124,иммунного,0,0,1,3,9,0.0,0,1
125,125,ответа,0,0,1,3,6,0.0,0,1
126,126,(,0,1,0,0,1,0.0,0,0
127,127,ИО,1,0,1,3,2,1.0,1,0
128,128,),0,1,0,0,1,0.0,0,0
129,129,время,0,0,1,3,5,0.0,0,1
130,130,имплантации,0,0,1,3,11,0.0,0,1
131,131,эмбриона,0,0,1,3,8,0.0,0,1
132,132,.,0,1,0,0,1,0.0,0,0
133,133,При,0,0,1,3,3,0.3333333333333333,0,1
134,134,клисс,1,0,1,3,5,0.0,0,0
135,135,часто,0,0,1,3,5,0.0,0,0
136,136,показывают,0,0,1,3,10,0.0,0,1
137,137,противоречивые,0,0,1,3,14,0.0,0,1
138,138,результаты,0,0,1,3,10,0.0,0,1
139,139,.,0,1,0,0,1,0.0,0,0
140,140,У,0,0,1,3,1,1.0,0,1
141,141,мужчин,0,0,1,3,6,0.0,0,1
142,142,получено,0,0,1,3,8,0.0,0,1
143,143,однозначных,0,0,1,3,11,0.0,0,1
144,144,данных,0,0,1,3,6,0.0,0,1
145,145,влиянии,0,0,1,3,7,0.0,0,1
146,146,уровня,0,0,1,3,6,0.0,0,0
147,147,витамина,0,0,1,3,8,0.0,0,1
148,148,D,0,0,1,0,1,1.0,0,0
149,149,показатели,0,0,1,3,10,0.0,0,1
150,150,спермограммы,0,0,1,3,12,0.0,0,0
151,151,",",0,1,0,0,1,0.0,0,0
152,152,продемонстрировано,0,0,1,3,18,0.0,0,1
153,153,снижение,0,0,1,3,8,0.0,0,1
154,154,частоты,0,0,1,3,7,0.0,0,1
155,155,наступления,0,0,1,3,11,0.0,0,1
156,156,беременности,0,0,1,3,12,0.0,0,1
157,157,ИО,1,0,1,3,2,1.0,1,0
158,158,парах,0,0,1,3,5,0.0,0,1
159,159,",",0,1,0,0,1,0.0,0,0
160,160,мужчины,0,0,1,3,7,0.0,0,1
161,161,выявлено,0,0,1,3,8,0.0,0,1
162,162,деф,1,0,1,3,3,0.0,0,0
163,163,.,0,1,0,0,1,0.0,0,0
164,164,состояние,0,0,1,3,9,0.0,0,1
165,165,.,0,1,0,0,1,0.0,0,0
166,166,Метаанализ,0,0,1,3,10,0.1,0,0
167,167,",",0,1,0,0,1,0.0,0,0
168,168,опубликованный,0,0,1,3,14,0.0,0,1
169,169,2017,0,0,2,0,4,0.0,0,0
170,170,г.,1,1,1,0,2,0.0,0,0
171,171,",",0,1,0,0,1,0.0,0,0
172,172,показал,0,0,1,3,7,0.0,0,1
173,173,снижение,0,0,1,3,8,0.0,0,1
174,174,частоты,0,0,1,3,7,0.0,0,1
175,175,наступления,0,0,1,3,11,0.0,0,1
176,176,беременности,0,0,1,3,12,0.0,0,1
177,177,родов,0,0,1,3,5,0.0,0,1
178,178,результате,0,0,1,3,10,0.0,0,1
179,179,применения,0,0,1,3,10,0.0,0,1
180,180,ВРТ,1,0,1,0,3,1.0,1,0
181,181,женщин,0,0,1,3,6,0.0,0,1
182,182,низким,0,0,1,3,6,0.0,0,1
183,183,уровнем,0,0,1,3,7,0.0,0,0
184,184,витамина,0,0,1,3,8,0.0,0,1
185,185,D.,0,1,1,0,2,0.5,0,0
186,186,При,0,0,1,3,3,0.3333333333333333,0,1
187,187,авторам,0,0,1,3,7,0.0,0,1
188,188,удалось,0,0,1,3,7,0.0,0,1
189,189,установить,0,0,1,3,10,0.0,0,1
190,190,",",0,1,0,0,1,0.0,0,0
191,191,связано,0,0,1,3,7,0.0,0,1
192,192,это,0,0,1,3,3,0.0,0,1
193,193,действием,0,0,1,3,9,0.0,0,1
194,194,витамина,0,0,1,3,8,0.0,0,1
195,195,D,0,0,1,0,1,1.0,0,0
196,196,качество,0,0,1,3,8,0.0,0,1
197,197,ооцита,0,0,1,3,6,0.0,0,0
198,198,эндометрий,0,0,1,3,10,0.0,0,1
199,199,.,0,1,0,0,1,0.0,0,0
200,200,Возможно,0,0,1,3,8,0.125,0,1
201,201,",",0,1,0,0,1,0.0,0,0
202,202,влияние,0,0,1,3,7,0.0,0,1
203,203,фертильность,0,0,1,3,12,0.0,0,1
204,204,реализуется,0,0,1,3,11,0.0,0,1
205,205,формах,0,0,1,3,6,0.0,0,1
206,206,бесплодия,0,0,1,3,9,0.0,0,1
207,207,.,0,1,0,0,1,0.0,0,0
208,208,Например,0,0,1,3,8,0.125,0,1
209,209,",",0,1,0,0,1,0.0,0,0
210,210,ановуляторном,0,0,1,3,13,0.0,0,0
211,211,бесплодии,0,0,1,3,9,0.0,0,1
212,212,",",0,1,0,0,1,0.0,0,0
213,213,обусловленном,0,0,1,3,13,0.0,0,0
214,214,синдромом,0,0,1,3,9,0.0,0,1
215,215,поликистозных,0,0,1,3,13,0.0,0,0
216,216,яичников,0,0,1,3,8,0.0,0,1
217,217,",",0,1,0,0,1,0.0,0,0
218,218,дефицит,0,0,1,3,7,0.0,0,1
219,219,витамина,0,0,1,3,8,0.0,0,1
220,220,D,0,0,1,0,1,1.0,0,0
221,221,оказывает,0,0,1,3,9,0.0,0,0
222,222,негативное,0,0,1,3,10,0.0,0,1
223,223,влияние,0,0,1,3,7,0.0,0,1
224,224,частоту,0,0,1,3,7,0.0,0,1
225,225,наступления,0,0,1,3,11,0.0,0,1
226,226,беременности,0,0,1,3,12,0.0,0,1
227,227,циклах,0,0,1,3,6,0.0,0,1
228,228,стимуляции,0,0,1,3,10,0.0,0,0
229,229,овуляции,0,0,1,3,8,0.0,0,1
230,230,",",0,1,0,0,1,0.0,0,0
231,231,применении,0,0,1,3,10,0.0,0,1
232,232,ВРТ,1,0,1,0,3,1.0,1,0
233,233,",",0,1,0,0,1,0.0,0,0
234,234,восполнение,0,0,1,3,11,0.0,0,1
235,235,приводить,0,0,1,3,9,0.0,0,1
236,236,повышению,0,0,1,3,9,0.0,0,1
237,237,частоты,0,0,1,3,7,0.0,0,1
238,238,наступления,0,0,1,3,11,0.0,0,1
239,239,беременности,0,0,1,3,12,0.0,0,1
240,240,.,0,1,0,0,1,0.0,0,0
241,241,При,0,0,1,3,3,0.3333333333333333,0,1
242,242,идиопатическом,0,0,1,3,14,0.0,0,0
243,243,бесплодии,0,0,1,3,9,0.0,0,1
244,244,связи,0,0,1,3,5,0.0,0,1
245,245,выявлено,0,0,1,3,8,0.0,0,1
246,246,.,0,1,0,0,1,0.0,0,0
247,247,Таким,0,0,1,3,5,0.2,0,1
248,248,образом,0,0,1,3,7,0.0,0,0
249,249,",",0,1,0,0,1,0.0,0,0
250,250,роль,0,0,1,3,4,0.0,0,1
251,251,витамина,0,0,1,3,8,0.0,0,1
252,252,D,0,0,1,0,1,1.0,0,0
253,253,патогенезе,0,0,1,3,10,0.0,0,1
254,254,бесплодия,0,0,1,3,9,0.0,0,1
255,255,требует,0,0,1,3,7,0.0,0,1
256,256,дальнейшего,0,0,1,3,11,0.0,0,1
257,257,изучения,0,0,1,3,8,0.0,0,1
258,258,",",0,1,0,0,1,0.0,0,0
259,259,возможности,0,0,1,3,11,0.0,0,1
260,260,терапии,0,0,1,3,7,0.0,0,1
261,261,целью,0,0,1,3,5,0.0,0,1
262,262,повышения,0,0,1,3,9,0.0,0,1
263,263,эффективности,0,0,1,3,13,0.0,0,1
264,264,методов,0,0,1,3,7,0.0,0,1
265,265,лечения,0,0,1,3,7,0.0,0,1
266,266,бесплодия,0,0,1,3,9,0.0,0,1
267,267,программ,0,0,1,3,8,0.0,0,1
268,268,ВРТ,1,0,1,0,3,1.0,1,0
269,269,.,0,1,0,0,1,0.0,0,0
270,270,ВВЕДЕНИЕ,0,0,1,3,8,1.0,1,1
271,271,Рецепторы,0,0,1,3,9,0.1111111111111111,0,1
272,272,витамину,0,0,1,3,8,0.0,0,1
273,273,D,0,0,1,0,1,1.0,0,0
274,274,обнаружены,0,0,1,3,10,0.0,0,0
275,275,органах,0,0,1,3,7,0.0,0,1
276,276,репродуктивной,0,0,1,3,14,0.0,0,1
277,277,системы,0,0,1,3,7,0.0,0,1
278,278,женщин,0,0,1,3,6,0.0,0,1
279,279,",",0,1,0,0,1,0.0,0,0
280,280,мужчин,0,0,1,3,6,0.0,0,1
281,281,.,0,1,0,0,1,0.0,0,0
282,282,На,0,0,1,3,2,0.5,0,1
283,283,основании,0,0,1,3,9,0.0,0,1
284,284,имеющихся,0,0,1,3,9,0.0,0,1
285,285,данных,0,0,1,3,6,0.0,0,1
286,286,складывается,0,0,1,3,12,0.0,0,1
287,287,впечатление,0,0,1,3,11,0.0,0,1
288,288,",",0,1,0,0,1,0.0,0,0
289,289,участвует,0,0,1,3,9,0.0,0,1
290,290,многих,0,0,1,3,6,0.0,0,1
291,291,процессах,0,0,1,3,9,0.0,0,1
292,292,регуляции,0,0,1,3,9,0.0,0,1
293,293,фертильности,0,0,1,3,12,0.0,0,1
294,294,:,0,1,0,0,1,0.0,0,0
295,295,синтеза,0,0,1,3,7,0.0,0,1
296,296,половых,0,0,1,3,7,0.0,0,1
297,297,гормонов,0,0,1,3,8,0.0,0,1
298,298,(,0,1,0,0,1,0.0,0,0
299,299,частности,0,0,1,3,9,0.0,0,1
300,300,",",0,1,0,0,1,0.0,0,0
301,301,прогестерона,0,0,1,3,12,0.0,0,0
302,302,),0,1,0,0,1,0.0,0,0
303,303,имплантации,0,0,1,3,11,0.0,0,1
304,304,эмбриона,0,0,1,3,8,0.0,0,1
305,305,.,0,1,0,0,1,0.0,0,0
306,306,Роль,0,0,1,3,4,0.25,0,1
307,307,витамина,0,0,1,3,8,0.0,0,1
308,308,D,0,0,1,0,1,1.0,0,0
309,309,активно,0,0,1,3,7,0.0,0,0
310,310,изучается,0,0,1,3,9,0.0,0,0
311,311,гинзаболеваниях,1,0,1,3,15,0.0,0,0
312,312,",",0,1,0,0,1,0.0,0,0
313,313,ок-щих,1,1,1,3,6,0.0,0,0
314,314,влияние,0,0,1,3,7,0.0,0,1
315,315,наступление,0,0,1,3,11,0.0,0,1
316,316,беременности,0,0,1,3,12,0.0,0,1
317,317,:,0,1,0,0,1,0.0,0,0
318,318,это,0,0,1,3,3,0.0,0,1
319,319,синдром,0,0,1,3,7,0.0,0,1
320,320,поликистозных,0,0,1,3,13,0.0,0,0
321,321,яичников,0,0,1,3,8,0.0,0,1
322,322,(,0,1,0,0,1,0.0,0,0
323,323,СПКЯ,1,0,1,3,4,1.0,1,0
324,324,),0,1,0,0,1,0.0,0,0
325,325,",",0,1,0,0,1,0.0,0,0
326,326,эндометриоз,0,0,1,3,11,0.0,0,0
327,327,",",0,1,0,0,1,0.0,0,0
328,328,первичная,0,0,1,3,9,0.0,0,1
329,329,недостаточность,0,0,1,3,15,0.0,0,1
330,330,яичников,0,0,1,3,8,0.0,0,1
331,331,",",0,1,0,0,1,0.0,0,0
332,332,миома,0,0,1,3,5,0.0,0,1
333,333,матки,0,0,1,3,5,0.0,0,1
334,334,онкзаболевания,1,0,1,3,14,0.0,0,0
335,335,.,0,1,0,0,1,0.0,0,0
336,336,Однако,0,0,1,3,6,0.16666666666666666,0,1
337,337,сегодняшний,0,0,1,3,11,0.0,0,1
338,338,день,0,0,1,3,4,0.0,0,0
339,339,можем,0,0,1,3,5,0.0,0,1
340,340,сделать,0,0,1,3,7,0.0,0,1
341,341,однозначных,0,0,1,3,11,0.0,0,1
342,342,выводов,0,0,1,3,7,0.0,0,1
343,343,связи,0,0,1,3,5,0.0,0,1
344,344,уровня,0,0,1,3,6,0.0,0,0
345,345,витамина,0,0,1,3,8,0.0,0,1
346,346,D,0,0,1,0,1,1.0,0,0
347,347,бесплодием,0,0,1,3,10,0.0,0,1
348,348,эффективностью,0,0,1,3,14,0.0,0,1
349,349,лечения,0,0,1,3,7,0.0,0,1
350,350,.,0,1,0,0,1,0.0,0,0
351,351,Далее,0,0,1,3,5,0.2,0,1
352,352,представлен,0,0,1,3,11,0.0,0,1
353,353,обзор,0,0,1,3,5,0.0,0,0
354,354,исследований,0,0,1,3,12,0.0,0,1
355,355,",",0,1,0,0,1,0.0,0,0
356,356,изучающих,0,0,1,3,9,0.0,0,1
357,357,участие,0,0,1,3,7,0.0,0,1
358,358,витамина,0,0,1,3,8,0.0,0,1
359,359,D,0,0,1,0,1,1.0,0,0
360,360,формировании,0,0,1,3,12,0.0,0,1
361,361,женского,0,0,1,3,8,0.0,0,1
362,362,мужского,0,0,1,3,8,0.0,0,1
363,363,бесплодия,0,0,1,3,9,0.0,0,1
364,364,",",0,1,0,0,1,0.0,0,0
365,365,также,0,0,1,3,5,0.0,0,1
366,366,влияние,0,0,1,3,7,0.0,0,1
367,367,эффективность,0,0,1,3,13,0.0,0,1
368,368,лечения,0,0,1,3,7,0.0,0,1
369,369,",",0,1,0,0,1,0.0,0,0
370,370,числе,0,0,1,3,5,0.0,0,1
371,371,помощью,0,0,1,3,7,0.0,0,1
372,372,вспомогательных,0,0,1,3,15,0.0,0,1
373,373,репродуктивных,0,0,1,3,14,0.0,0,1
374,374,технологий,0,0,1,3,10,0.0,0,1
375,375,(,0,1,0,0,1,0.0,0,0
376,376,ВРТ,1,0,1,0,3,1.0,1,0
377,377,),0,1,0,0,1,0.0,0,0
378,378,.,0,1,0,0,1,0.0,0,0
379,379,ЦЕЛЬ,0,0,1,3,4,1.0,1,1
380,380,ИССЛЕДОВАНИЯ,0,0,1,3,12,1.0,1,1
381,381,Провести,0,0,1,3,8,0.125,0,1
382,382,анализ,0,0,1,3,6,0.0,0,1
383,383,современных,0,0,1,3,11,0.0,0,1
384,384,лит,1,0,1,3,3,0.0,0,0
385,385,данных,0,0,1,3,6,0.0,0,1
386,386,роли,0,0,1,3,4,0.0,0,1
387,387,витамина,0,0,1,3,8,0.0,0,1
388,388,D,0,0,1,0,1,1.0,0,0
389,389,регуляции,0,0,1,3,9,0.0,0,1
390,390,репр,1,0,1,3,4,0.0,0,0
391,391,функции,0,0,1,3,7,0.0,0,1
392,392,влиянии,0,0,1,3,7,0.0,0,1
393,393,результаты,0,0,1,3,10,0.0,0,1
394,394,исп-ния,1,1,1,3,7,0.0,0,0
395,395,ВРТ,1,0,1,0,3,1.0,1,0
396,396,лечении,0,0,1,3,7,0.0,0,1
397,397,бесплодия,0,0,1,3,9,0.0,0,1
398,398,.,0,1,0,0,1,0.0,0,0
399,399,МАТЕРИАЛЫ,0,0,1,3,9,1.0,1,1
400,400,И,0,0,1,3,1,1.0,0,1
401,401,МЕТОДЫ,0,0,1,3,6,1.0,1,1
402,402,Проведен,0,0,1,3,8,0.125,0,1
403,403,поиск,0,0,1,3,5,0.0,0,1
404,404,лит,1,0,1,3,3,0.0,0,0
405,405,источников,0,0,1,3,10,0.0,0,1
406,406,",",0,1,0,0,1,0.0,0,0
407,407,опубликованных,0,0,1,3,14,0.0,0,1
408,408,базе,0,0,1,3,4,0.0,0,1
409,409,данных,0,0,1,3,6,0.0,0,1
410,410,NSBI,0,0,1,3,4,1.0,1,0
411,411,PubMed,0,0,1,3,6,0.3333333333333333,1,0
412,412,",",0,1,0,0,1,0.0,0,0
413,413,Medline,0,0,1,3,7,0.14285714285714285,0,0
414,414,др,1,0,1,0,2,0.0,0,0
415,415,.,0,1,0,0,1,0.0,0,0
416,416,глубиной,0,0,1,3,8,0.0,0,1
417,417,поиска,0,0,1,3,6,0.0,0,1
418,418,20,0,0,2,0,2,0.0,0,0
419,419,лет,0,0,1,3,3,0.0,0,1
420,420,.,0,1,0,0,1,0.0,0,0
421,421,Было,0,0,1,3,4,0.25,0,1
422,422,проанализировано,0,0,1,3,16,0.0,0,1
423,423,135,0,0,2,0,3,0.0,0,0
424,424,источников,0,0,1,3,10,0.0,0,1
425,425,данной,0,0,1,3,6,0.0,0,1
426,426,теме,0,0,1,3,4,0.0,0,1
427,427,",",0,1,0,0,1,0.0,0,0
428,428,которых,0,0,1,3,7,0.0,0,1
429,429,54,0,0,2,0,2,0.0,0,0
430,430,включены,0,0,1,3,8,0.0,0,1
431,431,данный,0,0,1,3,6,0.0,0,1
432,432,обзор,0,0,1,3,5,0.0,0,0
433,433,.,0,1,0,0,1,0.0,0,0
434,434,Для,0,0,1,3,3,0.3333333333333333,0,1
435,435,расширения,0,0,1,3,10,0.0,0,1
436,436,поиска,0,0,1,3,6,0.0,0,1
437,437,использовались,0,0,1,3,14,0.0,0,0
438,438,ссылки,0,0,1,3,6,0.0,0,1
439,439,некоторых,0,0,1,3,9,0.0,0,1
440,440,статей,0,0,1,3,6,0.0,0,1
441,441,.,0,1,0,0,1,0.0,0,0
442,442,ВИТАМИН,0,0,1,3,7,1.0,1,1
443,443,D,0,0,1,0,1,1.0,0,0
444,444,И,0,0,1,3,1,1.0,0,1
445,445,РЕПРОДУКТИВНАЯ,0,0,1,3,14,1.0,1,1
446,446,ФУНКЦИЯ,0,0,1,3,7,1.0,1,1
447,447,ЖЕНЩИН,0,0,1,3,6,1.0,1,1
448,448,Нед-ть,1,1,1,3,6,0.16666666666666666,0,0
449,449,дефицит,0,0,1,3,7,0.0,0,1
450,450,витамина,0,0,1,3,8,0.0,0,1
451,451,D,0,0,1,0,1,1.0,0,0
452,452,встречаются,0,0,1,3,11,0.0,0,1
453,453,60,0,0,2,0,2,0.0,0,0
454,454,%,0,1,0,0,1,0.0,0,0
455,455,взрослых,0,0,1,3,8,0.0,0,1
456,456,.,0,1,0,0,1,0.0,0,0
457,457,Среди,0,0,1,3,5,0.2,0,1
458,458,пациенток,0,0,1,3,9,0.0,0,1
459,459,бесплодием,0,0,1,3,10,0.0,0,1
460,460,получены,0,0,1,3,8,0.0,0,1
461,461,значимые,0,0,1,3,8,0.0,0,1
462,462,цифры,0,0,1,3,5,0.0,0,1
463,463,:,0,1,0,0,1,0.0,0,0
464,464,итальянском,0,0,1,3,11,0.0,0,1
465,465,исследовании,0,0,1,3,12,0.0,0,1
466,466,низкие,0,0,1,3,6,0.0,0,1
467,467,уровни,0,0,1,3,6,0.0,0,0
468,468,витамина,0,0,1,3,8,0.0,0,1
469,469,D,0,0,1,0,1,1.0,0,0
470,470,описаны,0,0,1,3,7,0.0,0,1
471,471,"77,4",0,1,2,0,4,0.0,0,0
472,472,%,0,1,0,0,1,0.0,0,0
473,473,женщин,0,0,1,3,6,0.0,0,1
474,474,",",0,1,0,0,1,0.0,0,0
475,475,немецком,0,0,1,3,8,0.0,0,1
476,476,—,0,1,0,0,1,0.0,0,0
477,477,"81,3",0,1,2,0,4,0.0,0,0
478,478,%,0,1,0,0,1,0.0,0,0
479,479,"98,2",0,1,2,0,4,0.0,0,0
480,480,%,0,1,0,0,1,0.0,0,0
481,481,зависимости,0,0,1,3,11,0.0,0,1
482,482,центра,0,0,1,3,6,0.0,0,1
483,483,.,0,1,0,0,1,0.0,0,0
484,484,Точные,0,0,1,3,6,0.16666666666666666,0,1
485,485,механизмы,0,0,1,3,9,0.0,0,1
486,486,участия,0,0,1,3,7,0.0,0,1
487,487,витамина,0,0,1,3,8,0.0,0,1
488,488,D,0,0,1,0,1,1.0,0,0
489,489,реализации,0,0,1,3,10,0.0,0,1
490,490,РФ,1,0,1,0,2,1.0,1,0
491,491,остаются,0,0,1,3,8,0.0,0,1
492,492,конца,0,0,1,3,5,0.0,0,1
493,493,изученными,0,0,1,3,10,0.0,0,1
494,494,.,0,1,0,0,1,0.0,0,0
495,495,Большинство,0,0,1,3,11,0.09090909090909091,0,1
496,496,имеющихся,0,0,1,3,9,0.0,0,1
497,497,сегодняшний,0,0,1,3,11,0.0,0,1
498,498,день,0,0,1,3,4,0.0,0,0
499,499,данных,0,0,1,3,6,0.0,0,1
500,500,получено,0,0,1,3,8,0.0,0,1
501,501,исследованиях,0,0,1,3,13,0.0,0,1
502,502,животных,0,0,1,3,8,0.0,0,1
503,503,in,0,0,1,3,2,0.0,0,0
504,504,vitro,0,0,1,3,5,0.0,0,0
505,505,.,0,1,0,0,1,0.0,0,0
506,506,В,0,0,1,0,1,1.0,0,1
507,507,экспериментах,0,0,1,3,13,0.0,0,1
508,508,животных,0,0,1,3,8,0.0,0,1
509,509,продемонстрирована,0,0,1,3,18,0.0,0,1
510,510,четкая,0,0,1,3,6,0.0,0,0
511,511,связь,0,0,1,3,5,0.0,0,1
512,512,недостаточностью,0,0,1,3,16,0.0,0,1
513,513,витамина,0,0,1,3,8,0.0,0,1
514,514,D,0,0,1,0,1,1.0,0,0
515,515,фертильностью,0,0,1,3,13,0.0,0,1
516,516,.,0,1,0,0,1,0.0,0,0
517,517,У,0,0,1,3,1,1.0,0,1
518,518,мышей,0,0,1,3,5,0.0,0,1
519,519,нулевым,0,0,1,3,7,0.0,0,1
520,520,уровнем,0,0,1,3,7,0.0,0,0
521,521,репродуктивная,0,0,1,3,14,0.0,0,1
522,522,функция,0,0,1,3,7,0.0,0,1
523,523,снижена,0,0,1,3,7,0.0,0,1
524,524,75,0,0,2,0,2,0.0,0,0
525,525,%,0,1,0,0,1,0.0,0,0
526,526,.,0,1,0,0,1,0.0,0,0
527,527,Аналогичные,0,0,1,3,11,0.09090909090909091,0,1
528,528,результаты,0,0,1,3,10,0.0,0,1
529,529,получены,0,0,1,3,8,0.0,0,1
530,530,крысах,0,0,1,3,6,0.0,0,1
531,531,",",0,1,0,0,1,0.0,0,0
532,532,причем,0,0,1,3,6,0.0,0,0
533,533,выраженность,0,0,1,3,12,0.0,0,1
534,534,нарушения,0,0,1,3,9,0.0,0,1
535,535,фертильности,0,0,1,3,12,0.0,0,1
536,536,связана,0,0,1,3,7,0.0,0,1
537,537,уровнем,0,0,1,3,7,0.0,0,0
538,538,недостаточности,0,0,1,3,15,0.0,0,1
539,539,витамина,0,0,1,3,8,0.0,0,1
540,540,D.,0,1,1,0,2,0.5,0,0
541,541,Витамин,0,0,1,3,7,0.14285714285714285,0,1
542,542,D,0,0,1,0,1,1.0,0,0
543,543,принимает,0,0,1,3,9,0.0,0,1
544,544,участие,0,0,1,3,7,0.0,0,1
545,545,регуляции,0,0,1,3,9,0.0,0,1
546,546,функции,0,0,1,3,7,0.0,0,1
547,547,гипоталамуса,0,0,1,3,12,0.0,0,0
548,548,секреции,0,0,1,3,8,0.0,0,1
549,549,гонадотропин-рилизинг-гормона,0,1,1,3,29,0.0,0,0
550,550,(,0,1,0,0,1,0.0,0,0
551,551,ГРГ,1,0,1,0,3,1.0,1,0
552,552,),0,1,0,0,1,0.0,0,0
553,553,мышей,0,0,1,3,5,0.0,0,1
554,554,период,0,0,1,3,6,0.0,0,1
555,555,полового,0,0,1,3,8,0.0,0,1
556,556,созревания,0,0,1,3,10,0.0,0,1
557,557,.,0,1,0,0,1,0.0,0,0
558,558,Его,0,0,1,3,3,0.3333333333333333,0,1
559,559,уровень,0,0,1,3,7,0.0,0,0
560,560,коррелировал,0,0,1,3,12,0.0,0,0
561,561,активностью,0,0,1,3,11,0.0,0,1
562,562,ароматазы,0,0,1,3,9,0.0,0,0
563,563,синтезом,0,0,1,3,8,0.0,0,1
564,564,прогестерона,0,0,1,3,12,0.0,0,0
565,565,.,0,1,0,0,1,0.0,0,0
566,566,Наиболее,0,0,1,3,8,0.125,0,1
567,567,вероятным,0,0,1,3,9,0.0,0,1
568,568,механизмом,0,0,1,3,10,0.0,0,1
569,569,снижения,0,0,1,3,8,0.0,0,1
570,570,РФ,1,0,1,0,2,1.0,1,0
571,571,животных,0,0,1,3,8,0.0,0,1
572,572,считать,0,0,1,3,7,0.0,0,1
573,573,гипокальциемию,0,0,1,3,14,0.0,0,0
574,574,",",0,1,0,0,1,0.0,0,0
575,575,поскольку,0,0,1,3,9,0.0,0,1
576,576,восполнения,0,0,1,3,11,0.0,0,1
577,577,дефицита,0,0,1,3,8,0.0,0,1
578,578,кальция,0,0,1,3,7,0.0,0,1
579,579,фертильность,0,0,1,3,12,0.0,0,1
580,580,крыс,0,0,1,3,4,0.0,0,1
581,581,восстанавливалась,0,0,1,3,17,0.0,0,1
582,582,полном,0,0,1,3,6,0.0,0,1
583,583,объеме,0,0,1,3,6,0.0,0,0
584,584,.,0,1,0,0,1,0.0,0,0
585,585,В,0,0,1,0,1,1.0,0,1
586,586,исследованиях,0,0,1,3,13,0.0,0,1
587,587,приматах,0,0,1,3,8,0.0,0,1
588,588,прод-но,1,1,1,3,7,0.0,0,0
589,589,участие,0,0,1,3,7,0.0,0,1
590,590,активного,0,0,1,3,9,0.0,0,1
591,591,метаболита,0,0,1,3,10,0.0,0,1
592,592,витамина,0,0,1,3,8,0.0,0,1
593,593,D,0,0,1,0,1,1.0,0,0
594,594,фолликулогенезе,0,0,1,3,15,0.0,0,0
595,595,.,0,1,0,0,1,0.0,0,0
596,596,В,0,0,1,0,1,1.0,0,1
597,597,присутствии,0,0,1,3,11,0.0,0,1
598,598,витамина,0,0,1,3,8,0.0,0,1
599,599,D,0,0,1,0,1,1.0,0,0
600,600,улучшались,0,0,1,3,10,0.0,0,1
601,601,выживаемость,0,0,1,3,12,0.0,0,0
602,602,рост,0,0,1,3,4,0.0,0,1
603,603,антральных,0,0,1,3,10,0.0,0,0
604,604,фолликулов,0,0,1,3,10,0.0,0,1
605,605,",",0,1,0,0,1,0.0,0,0
606,606,созревание,0,0,1,3,10,0.0,0,1
607,607,яйцеклетки,0,0,1,3,10,0.0,0,1
608,608,продукция,0,0,1,3,9,0.0,0,1
609,609,эстрогенов,0,0,1,3,10,0.0,0,0
610,610,.,0,1,0,0,1,0.0,0,0
611,611,Также,0,0,1,3,5,0.2,0,1
612,612,показано,0,0,1,3,8,0.0,0,1
613,613,",",0,1,0,0,1,0.0,0,0
614,614,материнский,0,0,1,3,11,0.0,0,1
615,615,дефицит,0,0,1,3,7,0.0,0,1
616,616,витамина,0,0,1,3,8,0.0,0,1
617,617,D,0,0,1,0,1,1.0,0,0
618,618,оказывать,0,0,1,3,9,0.0,0,0
619,619,негативное,0,0,1,3,10,0.0,0,1
620,620,влияние,0,0,1,3,7,0.0,0,1
621,621,репродуктивную,0,0,1,3,14,0.0,0,1
622,622,функцию,0,0,1,3,7,0.0,0,1
623,623,потомства,0,0,1,3,9,0.0,0,1
624,624,.,0,1,0,0,1,0.0,0,0
625,625,Так,0,0,1,3,3,0.3333333333333333,0,1
626,626,",",0,1,0,0,1,0.0,0,0
627,627,мышей,0,0,1,3,5,0.0,0,1
628,628,",",0,1,0,0,1,0.0,0,0
629,629,рожденных,0,0,1,3,9,0.0,0,1
630,630,матерей,0,0,1,3,7,0.0,0,1
631,631,дефицитом,0,0,1,3,9,0.0,0,1
632,632,витамина,0,0,1,3,8,0.0,0,1
633,633,D,0,0,1,0,1,1.0,0,0
634,634,",",0,1,0,0,1,0.0,0,0
635,635,выше,0,0,1,3,4,0.0,0,1
636,636,частота,0,0,1,3,7,0.0,0,1
637,637,олигоовуляции,0,0,1,3,13,0.0,0,0
638,638,",",0,1,0,0,1,0.0,0,0
639,639,подтверждает,0,0,1,3,12,0.0,0,1
640,640,участие,0,0,1,3,7,0.0,0,1
641,641,фетальном,0,0,1,3,9,0.0,0,0
642,642,программировании,0,0,1,3,16,0.0,0,1
643,643,формирования,0,0,1,3,12,0.0,0,1
644,644,гипоталамо-гипофизарной,0,1,1,3,23,0.0,0,0
645,645,системы,0,0,1,3,7,0.0,0,1
646,646,.,0,1,0,0,1,0.0,0,0
647,647,В,0,0,1,0,1,1.0,0,1
648,648,исследованиях,0,0,1,3,13,0.0,0,1
649,649,in,0,0,1,3,2,0.0,0,0
650,650,vitro,0,0,1,3,5,0.0,0,0
651,651,выявлена,0,0,1,3,8,0.0,0,1
652,652,связь,0,0,1,3,5,0.0,0,1
653,653,уровнем,0,0,1,3,7,0.0,0,0
654,654,витамина,0,0,1,3,8,0.0,0,1
655,655,D,0,0,1,0,1,1.0,0,0
656,656,синтезом,0,0,1,3,8,0.0,0,1
657,657,гормонов,0,0,1,3,8,0.0,0,1
658,658,:,0,1,0,0,1,0.0,0,0
659,659,прогестерона,0,0,1,3,12,0.0,0,0
660,660,",",0,1,0,0,1,0.0,0,0
661,661,эстрона,0,0,1,3,7,0.0,0,0
662,662,",",0,1,0,0,1,0.0,0,0
663,663,эстрадиола,0,0,1,3,10,0.0,0,0
664,664,",",0,1,0,0,1,0.0,0,0
665,665,инсулиноподобного,0,0,1,3,17,0.0,0,0
666,666,фактора,0,0,1,3,7,0.0,0,1
667,667,роста-1,0,1,3,3,7,0.0,0,0
668,668,антимюллерова,0,0,1,3,13,0.0,0,0
669,669,гормона,0,0,1,3,7,0.0,0,1
670,670,(,0,1,0,0,1,0.0,0,0
671,671,АМГ,1,0,1,3,3,1.0,1,0
672,672,),0,1,0,0,1,0.0,0,0
673,673,.,0,1,0,0,1,0.0,0,0
674,674,Рецепторы,0,0,1,3,9,0.1111111111111111,0,1
675,675,витамину,0,0,1,3,8,0.0,0,1
676,676,D,0,0,1,0,1,1.0,0,0
677,677,выявлены,0,0,1,3,8,0.0,0,1
678,678,эндометрии,0,0,1,3,10,0.0,0,1
679,679,фазах,0,0,1,3,5,0.0,0,1
680,680,менструального,0,0,1,3,14,0.0,0,1
681,681,цикла,0,0,1,3,5,0.0,0,1
682,682,ранних,0,0,1,3,6,0.0,0,1
683,683,сроках,0,0,1,3,6,0.0,0,1
684,684,беременности,0,0,1,3,12,0.0,0,1
685,685,.,0,1,0,0,1,0.0,0,0
686,686,Участие,0,0,1,3,7,0.14285714285714285,0,1
687,687,витамина,0,0,1,3,8,0.0,0,1
688,688,D,0,0,1,0,1,1.0,0,0
689,689,процессе,0,0,1,3,8,0.0,0,1
690,690,имплантации,0,0,1,3,11,0.0,0,1
691,691,активно,0,0,1,3,7,0.0,0,0
692,692,изучается,0,0,1,3,9,0.0,0,0
693,693,исследованиях,0,0,1,3,13,0.0,0,1
694,694,in,0,0,1,3,2,0.0,0,0
695,695,vitro,0,0,1,3,5,0.0,0,0
696,696,:,0,1,0,0,1,0.0,0,0
697,697,имеющимся,0,0,1,3,9,0.0,0,1
698,698,данным,0,0,1,3,6,0.0,0,1
699,699,",",0,1,0,0,1,0.0,0,0
700,700,повышает,0,0,1,3,8,0.0,0,1
701,701,экспрессию,0,0,1,3,10,0.0,0,1
702,702,остеопонтина,0,0,1,3,12,0.0,0,0
703,703,фактора,0,0,1,3,7,0.0,0,1
704,704,НОХА10,0,0,3,3,6,0.6666666666666666,1,0
705,705,",",0,1,0,0,1,0.0,0,0
706,706,участвующих,0,0,1,3,11,0.0,0,1
707,707,формировании,0,0,1,3,12,0.0,0,1
708,708,рецептивного,0,0,1,3,12,0.0,0,1
709,709,эндометрия,0,0,1,3,10,0.0,0,1
710,710,.,0,1,0,0,1,0.0,0,0
711,711,Под,0,0,1,3,3,0.3333333333333333,0,1
712,712,действием,0,0,1,3,9,0.0,0,1
713,713,витамина,0,0,1,3,8,0.0,0,1
714,714,D,0,0,1,0,1,1.0,0,0
715,715,происходит,0,0,1,3,10,0.0,0,1
716,716,сдвиг,0,0,1,3,5,0.0,0,1
717,717,иммунной,0,0,1,3,8,0.0,0,1
718,718,реакции,0,0,1,3,7,0.0,0,1
719,719,эндометрии,0,0,1,3,10,0.0,0,1
720,720,сторону,0,0,1,3,7,0.0,0,1
721,721,преобладания,0,0,1,3,12,0.0,0,1
722,722,противовоспалительных,0,0,1,3,21,0.0,0,1
723,723,цитокинов,0,0,1,3,9,0.0,0,0
724,724,",",0,1,0,0,1,0.0,0,0
725,725,также,0,0,1,3,5,0.0,0,1
726,726,является,0,0,1,3,8,0.0,0,1
727,727,необходимым,0,0,1,3,11,0.0,0,1
728,728,условием,0,0,1,3,8,0.0,0,1
729,729,наступления,0,0,1,3,11,0.0,0,1
730,730,беременности,0,0,1,3,12,0.0,0,1
731,731,.,0,1,0,0,1,0.0,0,0
732,732,Однако,0,0,1,3,6,0.16666666666666666,0,1
733,733,популяционных,0,0,1,3,13,0.0,0,0
734,734,исследованиях,0,0,1,3,13,0.0,0,1
735,735,продемонстрирована,0,0,1,3,18,0.0,0,1
736,736,связь,0,0,1,3,5,0.0,0,1
737,737,витамина,0,0,1,3,8,0.0,0,1
738,738,D,0,0,1,0,1,1.0,0,0
739,739,уровнем,0,0,1,3,7,0.0,0,0
740,740,тестостерона,0,0,1,3,12,0.0,0,0
741,741,женщин,0,0,1,3,6,0.0,0,1
742,742,.,0,1,0,0,1,0.0,0,0
743,743,Концентрации,0,0,1,3,12,0.08333333333333333,0,1
744,744,фолликулостимулирующего,0,0,1,3,23,0.0,0,0
745,745,гормона,0,0,1,3,7,0.0,0,1
746,746,(,0,1,0,0,1,0.0,0,0
747,747,ФСГ,1,0,1,0,3,1.0,1,0
748,748,),0,1,0,0,1,0.0,0,0
749,749,",",0,1,0,0,1,0.0,0,0
750,750,лютеинизирующего,0,0,1,3,16,0.0,0,0
751,751,гормона,0,0,1,3,7,0.0,0,1
752,752,(,0,1,0,0,1,0.0,0,0
753,753,ЛГ,1,0,1,0,2,1.0,1,0
754,754,),0,1,0,0,1,0.0,0,0
755,755,",",0,1,0,0,1,0.0,0,0
756,756,АМГ,1,0,1,3,3,1.0,1,0
757,757,(,0,1,0,0,1,0.0,0,0
758,758,кроме,0,0,1,3,5,0.0,0,0
759,759,женщин,0,0,1,3,6,0.0,0,1
760,760,старшего,0,0,1,3,8,0.0,0,1
761,761,репродуктивного,0,0,1,3,15,0.0,0,1
762,762,возраста,0,0,1,3,8,0.0,0,1
763,763,),0,1,0,0,1,0.0,0,0
764,764,",",0,1,0,0,1,0.0,0,0
765,765,также,0,0,1,3,5,0.0,0,1
766,766,количество,0,0,1,3,10,0.0,0,0
767,767,антральных,0,0,1,3,10,0.0,0,0
768,768,фолликулов,0,0,1,3,10,0.0,0,1
769,769,(,0,1,0,0,1,0.0,0,0
770,770,КАФ,1,0,1,3,3,1.0,1,0
771,771,),0,1,0,0,1,0.0,0,0
772,772,уровня,0,0,1,3,6,0.0,0,0
773,773,витамина,0,0,1,3,8,0.0,0,1
774,774,D,0,0,1,0,1,1.0,0,0
775,775,зависели,0,0,1,3,8,0.0,0,1
776,776,.,0,1,0,0,1,0.0,0,0
777,777,При,0,0,1,3,3,0.3333333333333333,0,1
778,778,опубликованы,0,0,1,3,12,0.0,0,1
779,779,данные,0,0,1,3,6,0.0,0,1
780,780,",",0,1,0,0,1,0.0,0,0
781,781,описывающие,0,0,1,3,11,0.0,0,1
782,782,назначение,0,0,1,3,10,0.0,0,1
783,783,50,0,0,2,0,2,0.0,0,0
784,784,000,0,0,2,0,3,0.0,0,0
785,785,МЕ,1,0,1,3,2,1.0,1,0
786,786,витамина,0,0,1,3,8,0.0,0,1
787,787,D,0,0,1,0,1,1.0,0,0
788,788,неделю,0,0,1,3,6,0.0,0,1
789,789,молодым,0,0,1,3,7,0.0,0,0
790,790,здоровым,0,0,1,3,8,0.0,0,1
791,791,женщинам,0,0,1,3,8,0.0,0,1
792,792,пациенткам,0,0,1,3,10,0.0,0,1
793,793,бесплодием,0,0,1,3,10,0.0,0,1
794,794,",",0,1,0,0,1,0.0,0,0
795,795,приводило,0,0,1,3,9,0.0,0,1
796,796,повышению,0,0,1,3,9,0.0,0,1
797,797,уровня,0,0,1,3,6,0.0,0,0
798,798,АМГ,1,0,1,3,3,1.0,1,0
799,799,.,0,1,0,0,1,0.0,0,0
800,800,Кроме,0,0,1,3,5,0.2,0,0
801,801,прямого,0,0,1,3,7,0.0,0,1
802,802,действия,0,0,1,3,8,0.0,0,1
803,803,половые,0,0,1,3,7,0.0,0,1
804,804,гормоны,0,0,1,3,7,0.0,0,1
805,805,имплантацию,0,0,1,3,11,0.0,0,1
806,806,эмбриона,0,0,1,3,8,0.0,0,1
807,807,",",0,1,0,0,1,0.0,0,0
808,808,влияние,0,0,1,3,7,0.0,0,1
809,809,уровня,0,0,1,3,6,0.0,0,0
810,810,витамина,0,0,1,3,8,0.0,0,1
811,811,D,0,0,1,0,1,1.0,0,0
812,812,репродуктивную,0,0,1,3,14,0.0,0,1
813,813,функцию,0,0,1,3,7,0.0,0,1
814,814,женщин,0,0,1,3,6,0.0,0,1
815,815,реализовано,0,0,1,3,11,0.0,0,1
816,816,участие,0,0,1,3,7,0.0,0,1
817,817,патогенезе,0,0,1,3,10,0.0,0,1
818,818,таких,0,0,1,3,5,0.0,0,1
819,819,заболеваний,0,0,1,3,11,0.0,0,1
820,820,",",0,1,0,0,1,0.0,0,0
821,821,СПКЯ,1,0,1,3,4,1.0,1,0
822,822,",",0,1,0,0,1,0.0,0,0
823,823,эндометриоз,0,0,1,3,11,0.0,0,0
824,824,первичная,0,0,1,3,9,0.0,0,1
825,825,недостаточность,0,0,1,3,15,0.0,0,1
826,826,яичников,0,0,1,3,8,0.0,0,1
827,827,.,0,1,0,0,1,0.0,0,0
828,828,Роль,0,0,1,3,4,0.25,0,1
829,829,витамина,0,0,1,3,8,0.0,0,1
830,830,D,0,0,1,0,1,1.0,0,0
831,831,активно,0,0,1,3,7,0.0,0,0
832,832,изучается,0,0,1,3,9,0.0,0,0
833,833,СПКЯ,1,0,1,3,4,1.0,1,0
834,834,",",0,1,0,0,1,0.0,0,0
835,835,который,0,0,1,3,7,0.0,0,1
836,836,является,0,0,1,3,8,0.0,0,1
837,837,одной,0,0,1,3,5,0.0,0,1
838,838,основных,0,0,1,3,8,0.0,0,1
839,839,причин,0,0,1,3,6,0.0,0,0
840,840,ановуляторного,0,0,1,3,14,0.0,0,0
841,841,бесплодия,0,0,1,3,9,0.0,0,1
842,842,.,0,1,0,0,1,0.0,0,0
843,843,В,0,0,1,0,1,1.0,0,1
844,844,одних,0,0,1,3,5,0.0,0,1
845,845,исследованиях,0,0,1,3,13,0.0,0,1
846,846,отмечена,0,0,1,3,8,0.0,0,1
847,847,связь,0,0,1,3,5,0.0,0,1
848,848,развитием,0,0,1,3,9,0.0,0,1
849,849,инсулинорезистентности,0,0,1,3,22,0.0,0,0
850,850,таких,0,0,1,3,5,0.0,0,1
851,851,пациенток,0,0,1,3,9,0.0,0,1
852,852,низким,0,0,1,3,6,0.0,0,1
853,853,уровнем,0,0,1,3,7,0.0,0,0
854,854,витамина,0,0,1,3,8,0.0,0,1
855,855,D,0,0,1,0,1,1.0,0,0
856,856,",",0,1,0,0,1,0.0,0,0
857,857,время,0,0,1,3,5,0.0,0,1
858,858,других,0,0,1,3,6,0.0,0,1
859,859,исследованиях,0,0,1,3,13,0.0,0,1
860,860,уровень,0,0,1,3,7,0.0,0,0
861,861,витамина,0,0,1,3,8,0.0,0,1
862,862,D,0,0,1,0,1,1.0,0,0
863,863,различался,0,0,1,3,10,0.0,0,1
864,864,здоровых,0,0,1,3,8,0.0,0,1
865,865,женщин,0,0,1,3,6,0.0,0,1
866,866,пациенток,0,0,1,3,9,0.0,0,1
867,867,СПКЯ,1,0,1,3,4,1.0,1,0
868,868,.,0,1,0,0,1,0.0,0,0
869,869,Было,0,0,1,3,4,0.25,0,1
870,870,предложено,0,0,1,3,10,0.0,0,1
871,871,несколько,0,0,1,3,9,0.0,0,0
872,872,теорий,0,0,1,3,6,0.0,0,1
873,873,",",0,1,0,0,1,0.0,0,0
874,874,объясняющих,0,0,1,3,11,0.0,0,0
875,875,возможное,0,0,1,3,9,0.0,0,1
876,876,влияние,0,0,1,3,7,0.0,0,1
877,877,витамина,0,0,1,3,8,0.0,0,1
878,878,D,0,0,1,0,1,1.0,0,0
879,879,патогенез,0,0,1,3,9,0.0,0,1
880,880,заболевания,0,0,1,3,11,0.0,0,1
881,881,.,0,1,0,0,1,0.0,0,0
882,882,Согласно,0,0,1,3,8,0.125,0,1
883,883,первой,0,0,1,3,6,0.0,0,1
884,884,",",0,1,0,0,1,0.0,0,0
885,885,витамин,0,0,1,3,7,0.0,0,1
886,886,D,0,0,1,0,1,1.0,0,0
887,887,участвует,0,0,1,3,9,0.0,0,1
888,888,регуляции,0,0,1,3,9,0.0,0,1
889,889,внутриклеточного,0,0,1,3,16,0.0,0,1
890,890,внеклеточного,0,0,1,3,13,0.0,0,1
891,891,обмена,0,0,1,3,6,0.0,0,0
892,892,кальция,0,0,1,3,7,0.0,0,1
893,893,",",0,1,0,0,1,0.0,0,0
894,894,который,0,0,1,3,7,0.0,0,1
895,895,",",0,1,0,0,1,0.0,0,0
896,896,очередь,0,0,1,3,7,0.0,0,1
897,897,",",0,1,0,0,1,0.0,0,0
898,898,оказывать,0,0,1,3,9,0.0,0,0
899,899,влияние,0,0,1,3,7,0.0,0,1
900,900,работу,0,0,1,3,6,0.0,0,1
901,901,рецептора,0,0,1,3,9,0.0,0,1
902,902,инсулина,0,0,1,3,8,0.0,0,1
903,903,.,0,1,0,0,1,0.0,0,0
904,904,Согласно,0,0,1,3,8,0.125,0,1
905,905,второй,0,0,1,3,6,0.0,0,1
906,906,теории,0,0,1,3,6,0.0,0,1
907,907,",",0,1,0,0,1,0.0,0,0
908,908,витамин,0,0,1,3,7,0.0,0,1
909,909,D,0,0,1,0,1,1.0,0,0
910,910,оказывает,0,0,1,3,9,0.0,0,0
911,911,непосредственное,0,0,1,3,16,0.0,0,1
912,912,стимулирующее,0,0,1,3,13,0.0,0,0
913,913,влияние,0,0,1,3,7,0.0,0,1
914,914,инсулиновый,0,0,1,3,11,0.0,0,0
915,915,рецептор,0,0,1,3,8,0.0,0,1
916,916,.,0,1,0,0,1,0.0,0,0
917,917,Также,0,0,1,3,5,0.2,0,1
918,918,витамин,0,0,1,3,7,0.0,0,1
919,919,D,0,0,1,0,1,1.0,0,0
920,920,обладает,0,0,1,3,8,0.0,0,0
921,921,противовоспалительным,0,0,1,3,21,0.0,0,1
922,922,эффектом,0,0,1,3,8,0.0,0,1
923,923,",",0,1,0,0,1,0.0,0,0
924,924,играть,0,0,1,3,6,0.0,0,1
925,925,роль,0,0,1,3,4,0.0,0,1
926,926,развитии,0,0,1,3,8,0.0,0,1
927,927,хронического,0,0,1,3,12,0.0,0,1
928,928,воспаления,0,0,1,3,10,0.0,0,1
929,929,патогенезе,0,0,1,3,10,0.0,0,1
930,930,СПКЯ,1,0,1,3,4,1.0,1,0
931,931,.,0,1,0,0,1,0.0,0,0
932,932,Его,0,0,1,3,3,0.3333333333333333,0,1
933,933,влияние,0,0,1,3,7,0.0,0,1
934,934,патогенез,0,0,1,3,9,0.0,0,1
935,935,развития,0,0,1,3,8,0.0,0,1
936,936,ановуляции,0,0,1,3,10,0.0,0,0
937,937,СПКЯ,1,0,1,3,4,1.0,1,0
938,938,реализовано,0,0,1,3,11,0.0,0,1
939,939,провоспалительные,0,0,1,3,17,0.0,0,0
940,940,факторы,0,0,1,3,7,0.0,0,1
941,941,—,0,1,0,0,1,0.0,0,0
942,942,конечные,0,0,1,3,8,0.0,0,1
943,943,продукты,0,0,1,3,8,0.0,0,1
944,944,гликирования,0,0,1,3,12,0.0,0,0
945,945,",",0,1,0,0,1,0.0,0,0
946,946,уровень,0,0,1,3,7,0.0,0,0
947,947,которых,0,0,1,3,7,0.0,0,1
948,948,повышен,0,0,1,3,7,0.0,0,1
949,949,СПКЯ,1,0,1,3,4,1.0,1,0
950,950,",",0,1,0,0,1,0.0,0,0
951,951,дефиците,0,0,1,3,8,0.0,0,1
952,952,витамина,0,0,1,3,8,0.0,0,1
953,953,D,0,0,1,0,1,1.0,0,0
954,954,.,0,1,0,0,1,0.0,0,0
955,955,Витамин,0,0,1,3,7,0.14285714285714285,0,1
956,956,D,0,0,1,0,1,1.0,0,0
957,957,принимать,0,0,1,3,9,0.0,0,1
958,958,участие,0,0,1,3,7,0.0,0,1
959,959,развитии,0,0,1,3,8,0.0,0,1
960,960,гиперандрогенемии,0,0,1,3,17,0.0,0,0
961,961,.,0,1,0,0,1,0.0,0,0
962,962,В,0,0,1,0,1,1.0,0,1
963,963,двух,0,0,1,3,4,0.0,0,1
964,964,исследованиях,0,0,1,3,13,0.0,0,1
965,965,продемонстрирована,0,0,1,3,18,0.0,0,1
966,966,связь,0,0,1,3,5,0.0,0,1
967,967,уровня,0,0,1,3,6,0.0,0,0
968,968,глобулином,0,0,1,3,10,0.0,0,1
969,969,",",0,1,0,0,1,0.0,0,0
970,970,связывающим,0,0,1,3,11,0.0,0,1
971,971,половые,0,0,1,3,7,0.0,0,1
972,972,стероиды,0,0,1,3,8,0.0,0,0
973,973,",",0,1,0,0,1,0.0,0,0
974,974,уровнем,0,0,1,3,7,0.0,0,0
975,975,тестостерона,0,0,1,3,12,0.0,0,0
976,976,.,0,1,0,0,1,0.0,0,0
977,977,Назначение,0,0,1,3,10,0.1,0,1
978,978,препаратов,0,0,1,3,10,0.0,0,1
979,979,витамина,0,0,1,3,8,0.0,0,1
980,980,D,0,0,1,0,1,1.0,0,0
981,981,оказывает,0,0,1,3,9,0.0,0,0
982,982,благоприятный,0,0,1,3,13,0.0,0,1
983,983,эффект,0,0,1,3,6,0.0,0,1
984,984,коррекцию,0,0,1,3,9,0.0,0,1
985,985,симптомов,0,0,1,3,9,0.0,0,1
986,986,СПКЯ,1,0,1,3,4,1.0,1,0
987,987,.,0,1,0,0,1,0.0,0,0
988,988,Согласно,0,0,1,3,8,0.125,0,1
989,989,данным,0,0,1,3,6,0.0,0,1
990,990,метаанализа,0,0,1,3,11,0.0,0,0
991,991,",",0,1,0,0,1,0.0,0,0
992,992,опубликованного,0,0,1,3,15,0.0,0,1
993,993,Fang,0,0,1,3,4,0.25,0,0
994,994,Fang,0,0,1,3,4,0.25,0,0
995,995,2017,0,0,2,0,4,0.0,0,0
996,996,г.,0,1,1,0,2,0.0,0,0
997,997,",",0,1,0,0,1,0.0,0,0
998,998,применение,0,0,1,3,10,0.0,0,1
999,999,препаратов,0,0,1,3,10,0.0,0,1
1000,1000,витамина,0,0,1,3,8,0.0,0,1
1001,1001,D,0,0,1,0,1,1.0,0,0
1002,1002,приводит,0,0,1,3,8,0.0,0,1
1003,1003,улучшению,0,0,1,3,9,0.0,0,1
1004,1004,фолликулогенеза,0,0,1,3,15,0.0,0,0
1005,1005,восстановлению,0,0,1,3,14,0.0,0,1
1006,1006,овуляции,0,0,1,3,8,0.0,0,1
1007,1007,монорежиме,0,0,1,3,10,0.0,0,0
1008,1008,(,0,1,0,0,1,0.0,0,0
1009,1009,относительный,0,0,1,3,13,0.0,0,1
1010,1010,риск,0,0,1,3,4,0.0,0,1
1011,1011,(,0,1,0,0,1,0.0,0,0
1012,1012,ОР,1,0,1,3,2,1.0,1,0
1013,1013,),0,1,0,0,1,0.0,0,0
1014,1014,"2,34",0,1,2,0,4,0.0,0,0
1015,1015,;,0,1,0,0,1,0.0,0,0
1016,1016,95,0,0,2,0,2,0.0,0,0
1017,1017,%,0,1,0,0,1,0.0,0,0
1018,1018,доверительный,0,0,1,3,13,0.0,0,1
1019,1019,интервал,0,0,1,3,8,0.0,0,1
1020,1020,(,0,1,0,0,1,0.0,0,0
1021,1021,ДИ,1,0,1,3,2,1.0,1,0
1022,1022,),0,1,0,0,1,0.0,0,0
1023,1023,"1,39–3,92",0,1,2,0,9,0.0,0,0
1024,1024,),0,1,0,0,1,0.0,0,0
1025,1025,.,0,1,0,0,1,0.0,0,0
1026,1026,Добавление,0,0,1,3,10,0.1,0,1
1027,1027,витамина,0,0,1,3,8,0.0,0,1
1028,1028,D,0,0,1,0,1,1.0,0,0
1029,1029,терапии,0,0,1,3,7,0.0,0,1
1030,1030,метформином,0,0,1,3,11,0.0,0,0
1031,1031,повышает,0,0,1,3,8,0.0,0,1
1032,1032,эффективность,0,0,1,3,13,0.0,0,1
1033,1033,восстановлении,0,0,1,3,14,0.0,0,1
1034,1034,регулярного,0,0,1,3,11,0.0,0,1
1035,1035,менст,1,0,1,3,5,0.0,0,0
1036,1036,цикла,0,0,1,3,5,0.0,0,1
1037,1037,(,0,1,0,0,1,0.0,0,0
1038,1038,ОР,1,0,1,3,2,1.0,1,0
1039,1039,"1,85",0,1,2,0,4,0.0,0,0
1040,1040,;,0,1,0,0,1,0.0,0,0
1041,1041,95,0,0,2,0,2,0.0,0,0
1042,1042,%,0,1,0,0,1,0.0,0,0
1043,1043,ДИ,1,0,1,3,2,1.0,1,0
1044,1044,"1,01–3,39",0,1,2,0,9,0.0,0,0
1045,1045,),0,1,0,0,1,0.0,0,0
1046,1046,.,0,1,0,0,1,0.0,0,0
1047,1047,Другой,0,0,1,3,6,0.16666666666666666,0,1
1048,1048,значимой,0,0,1,3,8,0.0,0,1
1049,1049,причиной,0,0,1,3,8,0.0,0,0
1050,1050,женского,0,0,1,3,8,0.0,0,1
1051,1051,бесплодия,0,0,1,3,9,0.0,0,1
1052,1052,является,0,0,1,3,8,0.0,0,1
1053,1053,эндометриоз,0,0,1,3,11,0.0,0,0
1054,1054,.,0,1,0,0,1,0.0,0,0
1055,1055,Исследования,0,0,1,3,12,0.08333333333333333,0,1
1056,1056,",",0,1,0,0,1,0.0,0,0
1057,1057,посвященные,0,0,1,3,11,0.0,0,1
1058,1058,изучению,0,0,1,3,8,0.0,0,1
1059,1059,роли,0,0,1,3,4,0.0,0,1
1060,1060,витамина,0,0,1,3,8,0.0,0,1
1061,1061,D,0,0,1,0,1,1.0,0,0
1062,1062,эндометриозе,0,0,1,3,12,0.0,0,0
1063,1063,",",0,1,0,0,1,0.0,0,0
1064,1064,показали,0,0,1,3,8,0.0,0,1
1065,1065,противоречивые,0,0,1,3,14,0.0,0,1
1066,1066,результаты,0,0,1,3,10,0.0,0,1
1067,1067,.,0,1,0,0,1,0.0,0,0
1068,1068,Данные,0,0,1,3,6,0.16666666666666666,0,1
1069,1069,",",0,1,0,0,1,0.0,0,0
1070,1070,полученные,0,0,1,3,10,0.0,0,1
1071,1071,одних,0,0,1,3,5,0.0,0,1
1072,1072,работах,0,0,1,3,7,0.0,0,1
1073,1073,",",0,1,0,0,1,0.0,0,0
1074,1074,говорят,0,0,1,3,7,0.0,0,1
1075,1075,повышении,0,0,1,3,9,0.0,0,1
1076,1076,риска,0,0,1,3,5,0.0,0,1
1077,1077,развития,0,0,1,3,8,0.0,0,1
1078,1078,заболевания,0,0,1,3,11,0.0,0,1
1079,1079,24,0,0,2,0,2,0.0,0,0
1080,1080,%,0,1,0,0,1,0.0,0,0
1081,1081,женщин,0,0,1,3,6,0.0,0,1
1082,1082,дефицитом,0,0,1,3,9,0.0,0,1
1083,1083,витамина,0,0,1,3,8,0.0,0,1
1084,1084,D.,0,1,1,0,2,0.5,0,0
1085,1085,У,0,0,1,3,1,1.0,0,1
1086,1086,пациенток,0,0,1,3,9,0.0,0,1
1087,1087,тяжелыми,0,0,1,3,8,0.0,0,0
1088,1088,формами,0,0,1,3,7,0.0,0,1
1089,1089,заболевания,0,0,1,3,11,0.0,0,1
1090,1090,отмечался,0,0,1,3,9,0.0,0,1
1091,1091,низкий,0,0,1,3,6,0.0,0,1
1092,1092,уровень,0,0,1,3,7,0.0,0,0
1093,1093,витамина,0,0,1,3,8,0.0,0,1
1094,1094,D,0,0,1,0,1,1.0,0,0
1095,1095,",",0,1,0,0,1,0.0,0,0
1096,1096,пациенток,0,0,1,3,9,0.0,0,1
1097,1097,легкими,0,0,1,3,7,0.0,0,0
1098,1098,формами,0,0,1,3,7,0.0,0,1
1099,1099,отсутствием,0,0,1,3,11,0.0,0,1
1100,1100,заболевания,0,0,1,3,11,0.0,0,1
1101,1101,.,0,1,0,0,1,0.0,0,0
1102,1102,Другие,0,0,1,3,6,0.16666666666666666,0,1
1103,1103,авторы,0,0,1,3,6,0.0,0,1
1104,1104,нашли,0,0,1,3,5,0.0,0,1
1105,1105,связи,0,0,1,3,5,0.0,0,1
1106,1106,уровнем,0,0,1,3,7,0.0,0,0
1107,1107,витамина,0,0,1,3,8,0.0,0,1
1108,1108,D,0,0,1,0,1,1.0,0,0
1109,1109,развитием,0,0,1,3,9,0.0,0,1
1110,1110,болезни,0,0,1,3,7,0.0,0,1
1111,1111,отметили,0,0,1,3,8,0.0,0,1
1112,1112,высокий,0,0,1,3,7,0.0,0,1
1113,1113,уровень,0,0,1,3,7,0.0,0,0
1114,1114,витамина,0,0,1,3,8,0.0,0,1
1115,1115,D,0,0,1,0,1,1.0,0,0
1116,1116,пациенток,0,0,1,3,9,0.0,0,1
1117,1117,эндометриозом,0,0,1,3,13,0.0,0,0
1118,1118,.,0,1,0,0,1,0.0,0,0
1119,1119,Были,0,0,1,3,4,0.25,0,1
1120,1120,проведены,0,0,1,3,9,0.0,0,1
1121,1121,исследования,0,0,1,3,12,0.0,0,1
1122,1122,изучению,0,0,1,3,8,0.0,0,1
1123,1123,роли,0,0,1,3,4,0.0,0,1
1124,1124,рецепторов,0,0,1,3,10,0.0,0,1
1125,1125,витамину,0,0,1,3,8,0.0,0,1
1126,1126,D,0,0,1,0,1,1.0,0,0
1127,1127,витамин-D-связывающего,0,1,1,3,22,0.045454545454545456,1,0
1128,1128,протеина,0,0,1,3,8,0.0,0,1
1129,1129,",",0,1,0,0,1,0.0,0,0
1130,1130,однако,0,0,1,3,6,0.0,0,1
1131,1131,результаты,0,0,1,3,10,0.0,0,1
1132,1132,позволяют,0,0,1,3,9,0.0,0,1
1133,1133,сделать,0,0,1,3,7,0.0,0,1
1134,1134,однозначных,0,0,1,3,11,0.0,0,1
1135,1135,выводов,0,0,1,3,7,0.0,0,1
1136,1136,требуют,0,0,1,3,7,0.0,0,1
1137,1137,дальнейшего,0,0,1,3,11,0.0,0,1
1138,1138,изучения,0,0,1,3,8,0.0,0,1
1139,1139,.,0,1,0,0,1,0.0,0,0
1140,1140,То,0,0,1,3,2,0.5,0,1
1141,1141,касается,0,0,1,3,8,0.0,0,1
1142,1142,данных,0,0,1,3,6,0.0,0,1
1143,1143,лечебном,0,0,1,3,8,0.0,0,1
1144,1144,эффекте,0,0,1,3,7,0.0,0,1
1145,1145,витамина,0,0,1,3,8,0.0,0,1
1146,1146,D,0,0,1,0,1,1.0,0,0
1147,1147,",",0,1,0,0,1,0.0,0,0
1148,1148,первые,0,0,1,3,6,0.0,0,1
1149,1149,результаты,0,0,1,3,10,0.0,0,1
1150,1150,свидетельствуют,0,0,1,3,15,0.0,0,1
1151,1151,благоприятном,0,0,1,3,13,0.0,0,1
1152,1152,эффекте,0,0,1,3,7,0.0,0,1
1153,1153,препаратов,0,0,1,3,10,0.0,0,1
1154,1154,выраженность,0,0,1,3,12,0.0,0,1
1155,1155,болевого,0,0,1,3,8,0.0,0,1
1156,1156,синдрома,0,0,1,3,8,0.0,0,1
1157,1157,эндометриоидные,0,0,1,3,15,0.0,0,0
1158,1158,гетеротопии,0,0,1,3,11,0.0,0,0
1159,1159,.,0,1,0,0,1,0.0,0,0
1160,1160,Исследований,0,0,1,3,12,0.08333333333333333,0,1
1161,1161,",",0,1,0,0,1,0.0,0,0
1162,1162,посвященных,0,0,1,3,11,0.0,0,1
1163,1163,лечебному,0,0,1,3,9,0.0,0,1
1164,1164,эффекту,0,0,1,3,7,0.0,0,1
1165,1165,препаратов,0,0,1,3,10,0.0,0,1
1166,1166,вит,1,0,1,3,3,0.0,0,0
1167,1167,D,0,0,1,0,1,1.0,0,0
1168,1168,бесплодии,0,0,1,3,9,0.0,0,1
1169,1169,",",0,1,0,0,1,0.0,0,0
1170,1170,ассоциированном,0,0,1,3,15,0.0,0,0
1171,1171,эндометр.,1,1,1,3,9,0.0,0,0
1172,1172,",",0,1,0,0,1,0.0,0,0
1173,1173,данный,0,0,1,3,6,0.0,0,1
1174,1174,момент,0,0,1,3,6,0.0,0,1
1175,1175,опубликовано,0,0,1,3,12,0.0,0,1
1176,1176,.,0,1,0,0,1,0.0,0,0
1177,1177,ВИТАМИН,0,0,1,3,7,1.0,1,1
1178,1178,D,0,0,1,0,1,1.0,0,0
1179,1179,И,0,0,1,3,1,1.0,0,1
1180,1180,РЕПРОДУКТИВНАЯ,0,0,1,3,14,1.0,1,1
1181,1181,ФУНКЦИЯ,0,0,1,3,7,1.0,1,1
1182,1182,МУЖЧИН,0,0,1,3,6,1.0,1,1
1183,1183,В,0,0,1,0,1,1.0,0,1
1184,1184,исследованиях,0,0,1,3,13,0.0,0,1
1185,1185,животных,0,0,1,3,8,0.0,0,1
1186,1186,мужских,0,0,1,3,7,0.0,0,1
1187,1187,особей,0,0,1,3,6,0.0,0,1
1188,1188,получены,0,0,1,3,8,0.0,0,1
1189,1189,аналогичные,0,0,1,3,11,0.0,0,1
1190,1190,результаты,0,0,1,3,10,0.0,0,1
1191,1191,:,0,1,0,0,1,0.0,0,0
1192,1192,отсутствии,0,0,1,3,10,0.0,0,1
1193,1193,витамина,0,0,1,3,8,0.0,0,1
1194,1194,D,0,0,1,0,1,1.0,0,0
1195,1195,фертильность,0,0,1,3,12,0.0,0,1
1196,1196,мышей-самцов,0,1,1,3,12,0.0,0,0
1197,1197,снижалась,0,0,1,3,9,0.0,0,1
1198,1198,73,0,0,2,0,2,0.0,0,0
1199,1199,%,0,1,0,0,1,0.0,0,0
1200,1200,",",0,1,0,0,1,0.0,0,0
1201,1201,восполнении,0,0,1,3,11,0.0,0,1
1202,1202,дефицита,0,0,1,3,8,0.0,0,1
1203,1203,—,0,1,0,0,1,0.0,0,0
1204,1204,восстанавливалась,0,0,1,3,17,0.0,0,1
1205,1205,полном,0,0,1,3,6,0.0,0,1
1206,1206,объеме,0,0,1,3,6,0.0,0,0
1207,1207,.,0,1,0,0,1,0.0,0,0
1208,1208,Дефицит,0,0,1,3,7,0.14285714285714285,0,1
1209,1209,витамина,0,0,1,3,8,0.0,0,1
1210,1210,D,0,0,1,0,1,1.0,0,0
1211,1211,животных,0,0,1,3,8,0.0,0,1
1212,1212,приводит,0,0,1,3,8,0.0,0,1
1213,1213,нарушениям,0,0,1,3,10,0.0,0,1
1214,1214,созревания,0,0,1,3,10,0.0,0,1
1215,1215,семявыводящих,0,0,1,3,13,0.0,0,0
1216,1216,протоков,0,0,1,3,8,0.0,0,1
1217,1217,",",0,1,0,0,1,0.0,0,0
1218,1218,уменьшению,0,0,1,3,10,0.0,0,1
1219,1219,веса,0,0,1,3,4,0.0,0,1
1220,1220,яичек,0,0,1,3,5,0.0,0,1
1221,1221,концентрации,0,0,1,3,12,0.0,0,1
1222,1222,сперматозоидов,0,0,1,3,14,0.0,0,1
1223,1223,.,0,1,0,0,1,0.0,0,0
1224,1224,При,0,0,1,3,3,0.3333333333333333,0,1
1225,1225,изучении,0,0,1,3,8,0.0,0,1
1226,1226,связи,0,0,1,3,5,0.0,0,1
1227,1227,уровнем,0,0,1,3,7,0.0,0,0
1228,1228,витамина,0,0,1,3,8,0.0,0,1
1229,1229,D,0,0,1,0,1,1.0,0,0
1230,1230,качеством,0,0,1,3,9,0.0,0,1
1231,1231,спермы,0,0,1,3,6,0.0,0,1
1232,1232,мужчин,0,0,1,3,6,0.0,0,1
1233,1233,получены,0,0,1,3,8,0.0,0,1
1234,1234,противоречивые,0,0,1,3,14,0.0,0,1
1235,1235,результаты,0,0,1,3,10,0.0,0,1
1236,1236,.,0,1,0,0,1,0.0,0,0
1237,1237,В,0,0,1,0,1,1.0,0,1
1238,1238,работе,0,0,1,3,6,0.0,0,1
1239,1239,Ramlau-Hansen,0,1,1,3,13,0.15384615384615385,1,0
1240,1240,C.H,0,1,1,0,3,0.6666666666666666,1,0
1241,1241,.,0,1,0,0,1,0.0,0,0
1242,1242,соавт,1,0,1,3,5,0.0,0,0
1243,1243,.,0,1,0,0,1,0.0,0,0
1244,1244,продемонстрировано,0,0,1,3,18,0.0,0,1
1245,1245,",",0,1,0,0,1,0.0,0,0
1246,1246,показатели,0,0,1,3,10,0.0,0,1
1247,1247,спермограммы,0,0,1,3,12,0.0,0,0
1248,1248,здоровых,0,0,1,3,8,0.0,0,1
1249,1249,мужчин,0,0,1,3,6,0.0,0,1
1250,1250,дефицитом,0,0,1,3,9,0.0,0,1
1251,1251,витамина,0,0,1,3,8,0.0,0,1
1252,1252,D,0,0,1,0,1,1.0,0,0
1253,1253,оставались,0,0,1,3,10,0.0,0,1
1254,1254,пределах,0,0,1,3,8,0.0,0,1
1255,1255,референсных,0,0,1,3,11,0.0,0,0
1256,1256,значений,0,0,1,3,8,0.0,0,1
1257,1257,",",0,1,0,0,1,0.0,0,0
1258,1258,уровне,0,0,1,3,6,0.0,0,0
1259,1259,25-гидроксивитамина,0,1,3,3,19,0.0,0,0
1260,1260,D,0,0,1,0,1,1.0,0,0
1261,1261,выше,0,0,1,3,4,0.0,0,1
1262,1262,"37,6",0,1,2,0,4,0.0,0,0
1263,1263,нг/мл,1,1,1,0,5,0.0,0,0
1264,1264,отмечалось,0,0,1,3,10,0.0,0,1
1265,1265,снижение,0,0,1,3,8,0.0,0,1
1266,1266,концентрации,0,0,1,3,12,0.0,0,1
1267,1267,сперматозоидов,0,0,1,3,14,0.0,0,1
1268,1268,содержания,0,0,1,3,10,0.0,0,1
1269,1269,нормальных,0,0,1,3,10,0.0,0,1
1270,1270,форм,0,0,1,3,4,0.0,0,1
1271,1271,.,0,1,0,0,1,0.0,0,0
1272,1272,В,0,0,1,0,1,1.0,0,1
1273,1273,время,0,0,1,3,5,0.0,0,1
1274,1274,датском,0,0,1,3,7,0.0,0,1
1275,1275,исследовании,0,0,1,3,12,0.0,0,1
1276,1276,руководством,0,0,1,3,12,0.0,0,1
1277,1277,Blomberg,0,0,1,3,8,0.125,0,0
1278,1278,Jensen,0,0,1,3,6,0.16666666666666666,0,0
1279,1279,M,0,0,1,0,1,1.0,0,0
1280,1280,.,0,1,0,0,1,0.0,0,0
1281,1281,выявлено,0,0,1,3,8,0.0,0,1
1282,1282,",",0,1,0,0,1,0.0,0,0
1283,1283,низком,0,0,1,3,6,0.0,0,1
1284,1284,уровне,0,0,1,3,6,0.0,0,0
1285,1285,витамина,0,0,1,3,8,0.0,0,1
1286,1286,D,0,0,1,0,1,1.0,0,0
1287,1287,чаще,0,0,1,3,4,0.0,0,1
1288,1288,регистрировалось,0,0,1,3,16,0.0,0,1
1289,1289,снижение,0,0,1,3,8,0.0,0,1
1290,1290,подвижности,0,0,1,3,11,0.0,0,1
1291,1291,сперматозоидов,0,0,1,3,14,0.0,0,1
1292,1292,",",0,1,0,0,1,0.0,0,0
1293,1293,концентрация,0,0,1,3,12,0.0,0,1
1294,1294,сперматозоидов,0,0,1,3,14,0.0,0,1
1295,1295,гормональные,0,0,1,3,12,0.0,0,1
1296,1296,показатели,0,0,1,3,10,0.0,0,1
1297,1297,оставались,0,0,1,3,10,0.0,0,1
1298,1298,пределах,0,0,1,3,8,0.0,0,1
1299,1299,нормальных,0,0,1,3,10,0.0,0,1
1300,1300,значений,0,0,1,3,8,0.0,0,1
1301,1301,.,0,1,0,0,1,0.0,0,0
1302,1302,В,0,0,1,0,1,1.0,0,1
1303,1303,позднем,0,0,1,3,7,0.0,0,1
1304,1304,исследовании,0,0,1,3,12,0.0,0,1
1305,1305,автора,0,0,1,3,6,0.0,0,1
1306,1306,пациентов,0,0,1,3,9,0.0,0,1
1307,1307,мужским,0,0,1,3,7,0.0,0,1
1308,1308,бесплодием,0,0,1,3,10,0.0,0,1
1309,1309,недостаточностью,0,0,1,3,16,0.0,0,1
1310,1310,витамина,0,0,1,3,8,0.0,0,1
1311,1311,D,0,0,1,0,1,1.0,0,0
1312,1312,отмечалось,0,0,1,3,10,0.0,0,1
1313,1313,снижение,0,0,1,3,8,0.0,0,1
1314,1314,количества,0,0,1,3,10,0.0,0,0
1315,1315,подвижных,0,0,1,3,9,0.0,0,1
1316,1316,форм,0,0,1,3,4,0.0,0,1
1317,1317,сперматозоидов,0,0,1,3,14,0.0,0,1
1318,1318,",",0,1,0,0,1,0.0,0,0
1319,1319,уровня,0,0,1,3,6,0.0,0,0
1320,1320,глобулина,0,0,1,3,9,0.0,0,1
1321,1321,",",0,1,0,0,1,0.0,0,0
1322,1322,связывающего,0,0,1,3,12,0.0,0,1
1323,1323,половые,0,0,1,3,7,0.0,0,1
1324,1324,стероиды,0,0,1,3,8,0.0,0,0
1325,1325,",",0,1,0,0,1,0.0,0,0
1326,1326,соотношения,0,0,1,3,11,0.0,0,1
1327,1327,тестостерона,0,0,1,3,12,0.0,0,0
1328,1328,эстрадиола,0,0,1,3,10,0.0,0,0
1329,1329,.,0,1,0,0,1,0.0,0,0
1330,1330,Аналогичные,0,0,1,3,11,0.09090909090909091,0,1
1331,1331,результаты,0,0,1,3,10,0.0,0,1
1332,1332,получены,0,0,1,3,8,0.0,0,1
1333,1333,работах,0,0,1,3,7,0.0,0,1
1334,1334,других,0,0,1,3,6,0.0,0,1
1335,1335,авторов,0,0,1,3,7,0.0,0,1
1336,1336,.,0,1,0,0,1,0.0,0,0
1337,1337,Недостаток,0,0,1,3,10,0.1,0,1
1338,1338,витамина,0,0,1,3,8,0.0,0,1
1339,1339,D,0,0,1,0,1,1.0,0,0
1340,1340,мужчин,0,0,1,3,6,0.0,0,1
1341,1341,негативно,0,0,1,3,9,0.0,0,0
1342,1342,сказывался,0,0,1,3,10,0.0,0,1
1343,1343,частоте,0,0,1,3,7,0.0,0,1
1344,1344,наступления,0,0,1,3,11,0.0,0,1
1345,1345,беременности,0,0,1,3,12,0.0,0,1
1346,1346,ИО,1,0,1,3,2,1.0,1,0
1347,1347,использованием,0,0,1,3,14,0.0,0,1
1348,1348,гонадотропинов,0,0,1,3,14,0.0,0,0
1349,1349,.,0,1,0,0,1,0.0,0,0
1350,1350,В,0,0,1,0,1,1.0,0,1
1351,1351,пилотном,0,0,1,3,8,0.0,0,0
1352,1352,исследовании,0,0,1,3,12,0.0,0,1
1353,1353,Tartagni,0,0,1,3,8,0.125,0,0
1354,1354,M.,1,1,1,0,2,0.5,0,0
1355,1355,частота,0,0,1,3,7,0.0,0,1
1356,1356,наступления,0,0,1,3,11,0.0,0,1
1357,1357,беременности,0,0,1,3,12,0.0,0,1
1358,1358,живорождения,0,0,1,3,12,0.0,0,1
1359,1359,достоверно,0,0,1,3,10,0.0,0,0
1360,1360,выше,0,0,1,3,4,0.0,0,1
1361,1361,группе,0,0,1,3,6,0.0,0,1
1362,1362,пациентов,0,0,1,3,9,0.0,0,1
1363,1363,",",0,1,0,0,1,0.0,0,0
1364,1364,которой,0,0,1,3,7,0.0,0,1
1365,1365,мужчин,0,0,1,3,6,0.0,0,1
1366,1366,уровень,0,0,1,3,7,0.0,0,0
1367,1367,витамина,0,0,1,3,8,0.0,0,1
1368,1368,D,0,0,1,0,1,1.0,0,0
1369,1369,находился,0,0,1,3,9,0.0,0,1
1370,1370,пределах,0,0,1,3,8,0.0,0,1
1371,1371,норм,0,0,1,3,4,0.0,0,1
1372,1372,значений,0,0,1,3,8,0.0,0,1
1373,1373,(,0,1,0,0,1,0.0,0,0
1374,1374,выше,0,0,1,3,4,0.0,0,1
1375,1375,30,0,0,2,0,2,0.0,0,0
1376,1376,нг/мл,1,1,1,0,5,0.0,0,0
1377,1377,),0,1,0,0,1,0.0,0,0
1378,1378,.,0,1,0,0,1,0.0,0,0
1379,1379,Показатели,0,0,1,3,10,0.1,0,1
1380,1380,спермограммы,0,0,1,3,12,0.0,0,0
1381,1381,различались,0,0,1,3,11,0.0,0,1
1382,1382,группами,0,0,1,3,8,0.0,0,1
1383,1383,нормальным,0,0,1,3,10,0.0,0,1
1384,1384,сниженным,0,0,1,3,9,0.0,0,1
1385,1385,содержанием,0,0,1,3,11,0.0,0,1
1386,1386,витамина,0,0,1,3,8,0.0,0,1
1387,1387,D.,0,1,1,0,2,0.5,0,0
1388,1388,Достоверные,0,0,1,3,11,0.09090909090909091,0,1
1389,1389,данные,0,0,1,3,6,0.0,0,1
1390,1390,эффективности,0,0,1,3,13,0.0,0,1
1391,1391,терапии,0,0,1,3,7,0.0,0,1
1392,1392,препаратами,0,0,1,3,11,0.0,0,1
1393,1393,витамина,0,0,1,3,8,0.0,0,1
1394,1394,D,0,0,1,0,1,1.0,0,0
1395,1395,мужском,0,0,1,3,7,0.0,0,1
1396,1396,бесплодии,0,0,1,3,9,0.0,0,1
1397,1397,отсутствуют,0,0,1,3,11,0.0,0,1
1398,1398,.,0,1,0,0,1,0.0,0,0
1399,1399,В,0,0,1,0,1,1.0,0,1
1400,1400,одном,0,0,1,3,5,0.0,0,1
1401,1401,рандомизированном,0,0,1,3,17,0.0,0,0
1402,1402,клиническом,0,0,1,3,11,0.0,0,1
1403,1403,исследовании,0,0,1,3,12,0.0,0,1
1404,1404,препараты,0,0,1,3,9,0.0,0,1
1405,1405,кальция,0,0,1,3,7,0.0,0,1
1406,1406,витамина,0,0,1,3,8,0.0,0,1
1407,1407,D,0,0,1,0,1,1.0,0,0
1408,1408,назначались,0,0,1,3,11,0.0,0,0
1409,1409,мужчинам,0,0,1,3,8,0.0,0,1
1410,1410,бесплодием,0,0,1,3,10,0.0,0,1
1411,1411,уровнем,0,0,1,3,7,0.0,0,0
1412,1412,50,0,0,2,0,2,0.0,0,0
1413,1413,нг/мл,1,1,1,0,5,0.0,0,0
1414,1414,.,0,1,0,0,1,0.0,0,0
1415,1415,Была,0,0,1,3,4,0.25,0,1
1416,1416,отмечена,0,0,1,3,8,0.0,0,1
1417,1417,тенденция,0,0,1,3,9,0.0,0,1
1418,1418,повышению,0,0,1,3,9,0.0,0,1
1419,1419,частоты,0,0,1,3,7,0.0,0,1
1420,1420,наступления,0,0,1,3,11,0.0,0,1
1421,1421,спонтанных,0,0,1,3,10,0.0,0,1
1422,1422,беременностей,0,0,1,3,13,0.0,0,1
1423,1423,",",0,1,0,0,1,0.0,0,0
1424,1424,однако,0,0,1,3,6,0.0,0,1
1425,1425,разница,0,0,1,3,7,0.0,0,1
1426,1426,достигла,0,0,1,3,8,0.0,0,1
1427,1427,статистической,0,0,1,3,14,0.0,0,1
1428,1428,достоверности,0,0,1,3,13,0.0,0,1
1429,1429,.,0,1,0,0,1,0.0,0,0
1430,1430,ВИТАМИН,0,0,1,3,7,1.0,1,1
1431,1431,D,0,0,1,0,1,1.0,0,0
1432,1432,И,0,0,1,3,1,1.0,0,1
1433,1433,ВСПОМОГАТЕЛЬНЫЕ,0,0,1,3,15,1.0,1,1
1434,1434,РЕПРОДУКТИВНЫЕ,0,0,1,3,14,1.0,1,1
1435,1435,ТЕХНОЛОГИИ,0,0,1,3,10,1.0,1,1
1436,1436,В,0,0,1,0,1,1.0,0,1
1437,1437,2017,0,0,2,0,4,0.0,0,0
1438,1438,г.,1,1,1,0,2,0.0,0,0
1439,1439,опубликован,0,0,1,3,11,0.0,0,1
1440,1440,метаанализ,0,0,1,3,10,0.0,0,0
1441,1441,",",0,1,0,0,1,0.0,0,0
1442,1442,посвященный,0,0,1,3,11,0.0,0,1
1443,1443,изучению,0,0,1,3,8,0.0,0,1
1444,1444,роли,0,0,1,3,4,0.0,0,1
1445,1445,недостатка,0,0,1,3,10,0.0,0,1
1446,1446,витамина,0,0,1,3,8,0.0,0,1
1447,1447,D,0,0,1,0,1,1.0,0,0
1448,1448,результаты,0,0,1,3,10,0.0,0,1
1449,1449,применения,0,0,1,3,10,0.0,0,1
1450,1450,ВРТ,1,0,1,0,3,1.0,1,0
1451,1451,.,0,1,0,0,1,0.0,0,0
1452,1452,В,0,0,1,0,1,1.0,0,1
1453,1453,включено,0,0,1,3,8,0.0,0,1
1454,1454,11,0,0,2,0,2,0.0,0,0
1455,1455,исследований,0,0,1,3,12,0.0,0,1
1456,1456,",",0,1,0,0,1,0.0,0,0
1457,1457,которые,0,0,1,3,7,0.0,0,1
1458,1458,вошли,0,0,1,3,5,0.0,0,1
1459,1459,2052,0,0,2,0,4,0.0,0,0
1460,1460,женщины,0,0,1,3,7,0.0,0,1
1461,1461,.,0,1,0,0,1,0.0,0,0
1462,1462,Недостаток,0,0,1,3,10,0.1,0,1
1463,1463,витамина,0,0,1,3,8,0.0,0,1
1464,1464,D,0,0,1,0,1,1.0,0,0
1465,1465,отмечался,0,0,1,3,9,0.0,0,1
1466,1466,"45,3",0,1,2,0,4,0.0,0,0
1467,1467,%,0,1,0,0,1,0.0,0,0
1468,1468,(,0,1,0,0,1,0.0,0,0
1469,1469,95,0,0,2,0,2,0.0,0,0
1470,1470,%,0,1,0,0,1,0.0,0,0
1471,1471,ДИ,1,0,1,3,2,1.0,1,0
1472,1472,"42,4–48,5",0,1,2,0,9,0.0,0,0
1473,1473,%,0,1,0,0,1,0.0,0,0
1474,1474,),0,1,0,0,1,0.0,0,0
1475,1475,женщин,0,0,1,3,6,0.0,0,1
1476,1476,",",0,1,0,0,1,0.0,0,0
1477,1477,дефицит,0,0,1,3,7,0.0,0,1
1478,1478,—,0,1,0,0,1,0.0,0,0
1479,1479,"34,6",0,1,2,0,4,0.0,0,0
1480,1480,%,0,1,0,0,1,0.0,0,0
1481,1481,(,0,1,0,0,1,0.0,0,0
1482,1482,95,0,0,2,0,2,0.0,0,0
1483,1483,%,0,1,0,0,1,0.0,0,0
1484,1484,ДИ,1,0,1,3,2,1.0,1,0
1485,1485,"32,0–37,4",0,1,2,0,9,0.0,0,0
1486,1486,%,0,1,0,0,1,0.0,0,0
1487,1487,),0,1,0,0,1,0.0,0,0
1488,1488,.,0,1,0,0,1,0.0,0,0
1489,1489,У,0,0,1,3,1,1.0,0,1
1490,1490,женщин,0,0,1,3,6,0.0,0,1
1491,1491,нормальным,0,0,1,3,10,0.0,0,1
1492,1492,уровнем,0,0,1,3,7,0.0,0,0
1493,1493,витамина,0,0,1,3,8,0.0,0,1
1494,1494,D,0,0,1,0,1,1.0,0,0
1495,1495,беременность,0,0,1,3,12,0.0,0,1
1496,1496,наступала,0,0,1,3,9,0.0,0,1
1497,1497,"1,46",0,1,2,0,4,0.0,0,0
1498,1498,раза,0,0,1,3,4,0.0,0,1
1499,1499,чаще,0,0,1,3,4,0.0,0,1
1500,1500,(,0,1,0,0,1,0.0,0,0
1501,1501,95,0,0,2,0,2,0.0,0,0
1502,1502,%,0,1,0,0,1,0.0,0,0
1503,1503,ДИ,1,0,1,3,2,1.0,1,0
1504,1504,"1,05–2,02",0,1,2,0,9,0.0,0,0
1505,1505,),0,1,0,0,1,0.0,0,0
1506,1506,.,0,1,0,0,1,0.0,0,0
1507,1507,Результаты,0,0,1,3,10,0.1,0,1
1508,1508,родов,0,0,1,3,5,0.0,0,1
1509,1509,описаны,0,0,1,3,7,0.0,0,1
1510,1510,7,0,0,2,0,1,0.0,0,0
1511,1511,исследованиях,0,0,1,3,13,0.0,0,1
1512,1512,",",0,1,0,0,1,0.0,0,0
1513,1513,анализе,0,0,1,3,7,0.0,0,1
1514,1514,показано,0,0,1,3,8,0.0,0,1
1515,1515,",",0,1,0,0,1,0.0,0,0
1516,1516,частота,0,0,1,3,7,0.0,0,1
1517,1517,живорождения,0,0,1,3,12,0.0,0,1
1518,1518,нормальном,0,0,1,3,10,0.0,0,1
1519,1519,уровне,0,0,1,3,6,0.0,0,0
1520,1520,витамина,0,0,1,3,8,0.0,0,1
1521,1521,D,0,0,1,0,1,1.0,0,0
1522,1522,выше,0,0,1,3,4,0.0,0,1
1523,1523,"1,33",0,1,2,0,4,0.0,0,0
1524,1524,раза,0,0,1,3,4,0.0,0,1
1525,1525,(,0,1,0,0,1,0.0,0,0
1526,1526,95,0,0,2,0,2,0.0,0,0
1527,1527,%,0,1,0,0,1,0.0,0,0
1528,1528,ДИ,1,0,1,3,2,1.0,1,0
1529,1529,"1,08–1,65",0,1,2,0,9,0.0,0,0
1530,1530,%,0,1,0,0,1,0.0,0,0
1531,1531,),0,1,0,0,1,0.0,0,0
1532,1532,.,0,1,0,0,1,0.0,0,0
1533,1533,Частота,0,0,1,3,7,0.14285714285714285,0,1
1534,1534,невынашивания,0,0,1,3,13,0.0,0,0
1535,1535,беременности,0,0,1,3,12,0.0,0,1
1536,1536,различалась,0,0,1,3,11,0.0,0,1
1537,1537,двумя,0,0,1,3,5,0.0,0,1
1538,1538,группами,0,0,1,3,8,0.0,0,1
1539,1539,.,0,1,0,0,1,0.0,0,0
1540,1540,Аналогичные,0,0,1,3,11,0.09090909090909091,0,1
1541,1541,результаты,0,0,1,3,10,0.0,0,1
1542,1542,получены,0,0,1,3,8,0.0,0,1
1543,1543,российской,0,0,1,3,10,0.0,0,1
1544,1544,популяции,0,0,1,3,9,0.0,0,1
1545,1545,",",0,1,0,0,1,0.0,0,0
1546,1546,демонстрирующие,0,0,1,3,15,0.0,0,1
1547,1547,связь,0,0,1,3,5,0.0,0,1
1548,1548,уровнем,0,0,1,3,7,0.0,0,0
1549,1549,витамина,0,0,1,3,8,0.0,0,1
1550,1550,D,0,0,1,0,1,1.0,0,0
1551,1551,частотой,0,0,1,3,8,0.0,0,1
1552,1552,наступления,0,0,1,3,11,0.0,0,1
1553,1553,беременности,0,0,1,3,12,0.0,0,1
1554,1554,циклах,0,0,1,3,6,0.0,0,1
1555,1555,ВРТ,1,0,1,0,3,1.0,1,0
1556,1556,.,0,1,0,0,1,0.0,0,0
1557,1557,Влияние,0,0,1,3,7,0.14285714285714285,0,1
1558,1558,витамина,0,0,1,3,8,0.0,0,1
1559,1559,D,0,0,1,0,1,1.0,0,0
1560,1560,результаты,0,0,1,3,10,0.0,0,1
1561,1561,программ,0,0,1,3,8,0.0,0,1
1562,1562,ВРТ,1,0,1,0,3,1.0,1,0
1563,1563,связано,0,0,1,3,7,0.0,0,1
1564,1564,несколькими,0,0,1,3,11,0.0,0,0
1565,1565,факторами,0,0,1,3,9,0.0,0,1
1566,1566,:,0,1,0,0,1,0.0,0,0
1567,1567,качество,0,0,1,3,8,0.0,0,1
1568,1568,ооцита,0,0,1,3,6,0.0,0,0
1569,1569,",",0,1,0,0,1,0.0,0,0
1570,1570,состояние,0,0,1,3,9,0.0,0,1
1571,1571,эндометрия,0,0,1,3,10,0.0,0,1
1572,1572,общее,0,0,1,3,5,0.0,0,0
1573,1573,здоровье,0,0,1,3,8,0.0,0,1
1574,1574,организма,0,0,1,3,9,0.0,0,1
1575,1575,.,0,1,0,0,1,0.0,0,0
1576,1576,Так,0,0,1,3,3,0.3333333333333333,0,1
1577,1577,",",0,1,0,0,1,0.0,0,0
1578,1578,показано,0,0,1,3,8,0.0,0,1
1579,1579,",",0,1,0,0,1,0.0,0,0
1580,1580,концентрация,0,0,1,3,12,0.0,0,1
1581,1581,витамина,0,0,1,3,8,0.0,0,1
1582,1582,D,0,0,1,0,1,1.0,0,0
1583,1583,фолликулярной,0,0,1,3,13,0.0,0,1
1584,1584,жидкости,0,0,1,3,8,0.0,0,1
1585,1585,коррелирует,0,0,1,3,11,0.0,0,0
1586,1586,концентрацией,0,0,1,3,13,0.0,0,1
1587,1587,сыворотке,0,0,1,3,9,0.0,0,1
1588,1588,крови,0,0,1,3,5,0.0,0,1
1589,1589,.,0,1,0,0,1,0.0,0,0
1590,1590,Однако,0,0,1,3,6,0.16666666666666666,0,1
1591,1591,оценке,0,0,1,3,6,0.0,0,1
1592,1592,количества,0,0,1,3,10,0.0,0,0
1593,1593,зрелых,0,0,1,3,6,0.0,0,1
1594,1594,ооцитов,0,0,1,3,7,0.0,0,0
1595,1595,",",0,1,0,0,1,0.0,0,0
1596,1596,частоты,0,0,1,3,7,0.0,0,1
1597,1597,оплодотворения,0,0,1,3,14,0.0,0,0
1598,1598,получения,0,0,1,3,9,0.0,0,1
1599,1599,эмбрионов,0,0,1,3,9,0.0,0,1
1600,1600,топ-качества,0,1,1,3,12,0.0,0,0
1601,1601,удалось,0,0,1,3,7,0.0,0,1
1602,1602,выявить,0,0,1,3,7,0.0,0,1
1603,1603,зависимости,0,0,1,3,11,0.0,0,1
1604,1604,этих,0,0,1,3,4,0.0,0,1
1605,1605,параметров,0,0,1,3,10,0.0,0,1
1606,1606,качества,0,0,1,3,8,0.0,0,1
1607,1607,ооцита,0,0,1,3,6,0.0,0,0
1608,1608,уровня,0,0,1,3,6,0.0,0,0
1609,1609,витамина,0,0,1,3,8,0.0,0,1
1610,1610,D.,0,1,1,0,2,0.5,0,0
1611,1611,На,0,0,1,3,2,0.5,0,1
1612,1612,сегодняшний,0,0,1,3,11,0.0,0,1
1613,1613,день,0,0,1,3,4,0.0,0,0
1614,1614,имеется,0,0,1,3,7,0.0,0,1
1615,1615,данных,0,0,1,3,6,0.0,0,1
1616,1616,влиянии,0,0,1,3,7,0.0,0,1
1617,1617,витамина,0,0,1,3,8,0.0,0,1
1618,1618,D,0,0,1,0,1,1.0,0,0
1619,1619,рецептивность,0,0,1,3,13,0.0,0,0
1620,1620,эндометрия,0,0,1,3,10,0.0,0,1
1621,1621,.,0,1,0,0,1,0.0,0,0
1622,1622,Общепризнанной,0,0,1,3,14,0.07142857142857142,0,0
1623,1623,моделью,0,0,1,3,7,0.0,0,1
1624,1624,изучения,0,0,1,3,8,0.0,0,1
1625,1625,влияния,0,0,1,3,7,0.0,0,1
1626,1626,фактора,0,0,1,3,7,0.0,0,1
1627,1627,рецептивность,0,0,1,3,13,0.0,0,0
1628,1628,эндометрия,0,0,1,3,10,0.0,0,1
1629,1629,программах,0,0,1,3,10,0.0,0,1
1630,1630,ВРТ,1,0,1,0,3,1.0,1,0
1631,1631,являются,0,0,1,3,8,0.0,0,1
1632,1632,циклы,0,0,1,3,5,0.0,0,1
1633,1633,переноса,0,0,1,3,8,0.0,0,1
1634,1634,криоконсервированных,0,0,1,3,20,0.0,0,0
1635,1635,эмбрионов,0,0,1,3,9,0.0,0,1
1636,1636,",",0,1,0,0,1,0.0,0,0
1637,1637,полученных,0,0,1,3,10,0.0,0,1
1638,1638,использованием,0,0,1,3,14,0.0,0,1
1639,1639,донорских,0,0,1,3,9,0.0,0,1
1640,1640,ооцитов,0,0,1,3,7,0.0,0,0
1641,1641,.,0,1,0,0,1,0.0,0,0
1642,1642,В,0,0,1,0,1,1.0,0,1
1643,1643,исследование,0,0,1,3,12,0.0,0,1
1644,1644,",",0,1,0,0,1,0.0,0,0
1645,1645,опубликованное,0,0,1,3,14,0.0,0,1
1646,1646,Rudick,0,0,1,3,6,0.16666666666666666,0,0
1647,1647,B.J,1,1,1,0,3,0.6666666666666666,1,0
1648,1648,.,0,1,0,0,1,0.0,0,0
1649,1649,2014,0,0,2,0,4,0.0,0,0
1650,1650,г.,1,1,1,0,2,0.0,0,0
1651,1651,",",0,1,0,0,1,0.0,0,0
1652,1652,включено,0,0,1,3,8,0.0,0,1
1653,1653,99,0,0,2,0,2,0.0,0,0
1654,1654,женщин,0,0,1,3,6,0.0,0,1
1655,1655,",",0,1,0,0,1,0.0,0,0
1656,1656,которым,0,0,1,3,7,0.0,0,1
1657,1657,планировался,0,0,1,3,12,0.0,0,0
1658,1658,перенос,0,0,1,3,7,0.0,0,1
1659,1659,эмбриона,0,0,1,3,8,0.0,0,1
1660,1660,использованием,0,0,1,3,14,0.0,0,1
1661,1661,донорских,0,0,1,3,9,0.0,0,1
1662,1662,ооцитов,0,0,1,3,7,0.0,0,0
1663,1663,.,0,1,0,0,1,0.0,0,0
1664,1664,Авторы,0,0,1,3,6,0.16666666666666666,0,1
1665,1665,показали,0,0,1,3,8,0.0,0,1
1666,1666,",",0,1,0,0,1,0.0,0,0
1667,1667,реципиентов,0,0,1,3,11,0.0,0,1
1668,1668,достаточным,0,0,1,3,11,0.0,0,1
1669,1669,уровнем,0,0,1,3,7,0.0,0,0
1670,1670,витамина,0,0,1,3,8,0.0,0,1
1671,1671,D,0,0,1,0,1,1.0,0,0
1672,1672,(,0,1,0,0,1,0.0,0,0
1673,1673,30,0,0,2,0,2,0.0,0,0
1674,1674,нг/мл,1,1,1,0,5,0.0,0,0
1675,1675,),0,1,0,0,1,0.0,0,0
1676,1676,частота,0,0,1,3,7,0.0,0,1
1677,1677,наступления,0,0,1,3,11,0.0,0,1
1678,1678,беременности,0,0,1,3,12,0.0,0,1
1679,1679,оказалась,0,0,1,3,9,0.0,0,1
1680,1680,выше,0,0,1,3,4,0.0,0,1
1681,1681,",",0,1,0,0,1,0.0,0,0
1682,1682,группах,0,0,1,3,7,0.0,0,1
1683,1683,недостаточностью,0,0,1,3,16,0.0,0,1
1684,1684,дефицитом,0,0,1,3,9,0.0,0,1
1685,1685,.,0,1,0,0,1,0.0,0,0
1686,1686,Однако,0,0,1,3,6,0.16666666666666666,0,1
1687,1687,аналогичное,0,0,1,3,11,0.0,0,1
1688,1688,исследование,0,0,1,3,12,0.0,0,1
1689,1689,Fabris,0,0,1,3,6,0.16666666666666666,0,0
1690,1690,A,1,0,1,3,1,1.0,0,0
1691,1691,.,0,1,0,0,1,0.0,0,0
1692,1692,(,0,1,0,0,1,0.0,0,0
1693,1693,2014,0,0,2,0,4,0.0,0,0
1694,1694,г,0,0,1,0,1,0.0,0,0
1695,1695,.,0,1,0,0,1,0.0,0,0
1696,1696,),0,1,0,0,1,0.0,0,0
1697,1697,выявило,0,0,1,3,7,0.0,0,1
1698,1698,связи,0,0,1,3,5,0.0,0,1
1699,1699,уровнем,0,0,1,3,7,0.0,0,0
1700,1700,витамина,0,0,1,3,8,0.0,0,1
1701,1701,D,0,0,1,0,1,1.0,0,0
1702,1702,реципиентов,0,0,1,3,11,0.0,0,1
1703,1703,частотой,0,0,1,3,8,0.0,0,1
1704,1704,наступления,0,0,1,3,11,0.0,0,1
1705,1705,беременности,0,0,1,3,12,0.0,0,1
1706,1706,.,0,1,0,0,1,0.0,0,0
1707,1707,В,0,0,1,0,1,1.0,0,1
1708,1708,метаанализе,0,0,1,3,11,0.0,0,0
1709,1709,исследования,0,0,1,3,12,0.0,0,1
1710,1710,объединены,0,0,1,3,10,0.0,0,0
1711,1711,одну,0,0,1,3,4,0.0,0,1
1712,1712,группу,0,0,1,3,6,0.0,0,1
1713,1713,",",0,1,0,0,1,0.0,0,0
1714,1714,частота,0,0,1,3,7,0.0,0,1
1715,1715,наступлений,0,0,1,3,11,0.0,0,1
1716,1716,беременности,0,0,1,3,12,0.0,0,1
1717,1717,оказалось,0,0,1,3,9,0.0,0,1
1718,1718,одинаковой,0,0,1,3,10,0.0,0,1
1719,1719,женщин,0,0,1,3,6,0.0,0,1
1720,1720,нормальным,0,0,1,3,10,0.0,0,1
1721,1721,низким,0,0,1,3,6,0.0,0,1
1722,1722,уровнем,0,0,1,3,7,0.0,0,0
1723,1723,витамина,0,0,1,3,8,0.0,0,1
1724,1724,D.,0,1,1,0,2,0.5,0,0
1725,1725,Авторы,0,0,1,3,6,0.16666666666666666,0,1
1726,1726,признают,0,0,1,3,8,0.0,0,1
1727,1727,",",0,1,0,0,1,0.0,0,0
1728,1728,отсутствие,0,0,1,3,10,0.0,0,1
1729,1729,связи,0,0,1,3,5,0.0,0,1
1730,1730,обусловлено,0,0,1,3,11,0.0,0,0
1731,1731,недостаточным,0,0,1,3,13,0.0,0,1
1732,1732,количеством,0,0,1,3,11,0.0,0,0
1733,1733,пациентов,0,0,1,3,9,0.0,0,1
1734,1734,выборке,0,0,1,3,7,0.0,0,1
1735,1735,(,0,1,0,0,1,0.0,0,0
1736,1736,366,0,0,2,0,3,0.0,0,0
1737,1737,человек,0,0,1,3,7,0.0,0,1
1738,1738,),0,1,0,0,1,0.0,0,0
1739,1739,различиями,0,0,1,3,10,0.0,0,1
1740,1740,методах,0,0,1,3,7,0.0,0,1
1741,1741,отбора,0,0,1,3,6,0.0,0,1
1742,1742,пациентов,0,0,1,3,9,0.0,0,1
1743,1743,.,0,1,0,0,1,0.0,0,0
1744,1744,Например,0,0,1,3,8,0.125,0,1
1745,1745,",",0,1,0,0,1,0.0,0,0
1746,1746,работе,0,0,1,3,6,0.0,0,1
1747,1747,Fabris,0,0,1,3,6,0.16666666666666666,0,0
1748,1748,A,1,0,1,3,1,1.0,0,0
1749,1749,.,0,1,0,0,1,0.0,0,0
1750,1750,исключены,0,0,1,3,9,0.0,0,1
1751,1751,исследования,0,0,1,3,12,0.0,0,1
1752,1752,пациентки,0,0,1,3,9,0.0,0,1
1753,1753,сСПКЯ,1,0,1,3,5,0.8,1,0
1754,1754,наружным,0,0,1,3,8,0.0,0,1
1755,1755,генитальным,0,0,1,3,11,0.0,0,0
1756,1756,эндометриозом,0,0,1,3,13,0.0,0,0
1757,1757,III–IV,0,1,1,3,6,0.8333333333333334,1,0
1758,1758,стадии,0,0,1,3,6,0.0,0,1
1759,1759,",",0,1,0,0,1,0.0,0,0
1760,1760,могло,0,0,1,3,5,0.0,0,1
1761,1761,повлиять,0,0,1,3,8,0.0,0,1
1762,1762,результаты,0,0,1,3,10,0.0,0,1
1763,1763,анализа,0,0,1,3,7,0.0,0,1
1764,1764,.,0,1,0,0,1,0.0,0,0
1765,1765,Противоречивые,0,0,1,3,14,0.07142857142857142,0,1
1766,1766,результаты,0,0,1,3,10,0.0,0,1
1767,1767,исследований,0,0,1,3,12,0.0,0,1
1768,1768,могут,0,0,1,3,5,0.0,0,1
1769,1769,связаны,0,0,1,3,7,0.0,0,1
1770,1770,",",0,1,0,0,1,0.0,0,0
1771,1771,уровень,0,0,1,3,7,0.0,0,0
1772,1772,витамина,0,0,1,3,8,0.0,0,1
1773,1773,D,0,0,1,0,1,1.0,0,0
1774,1774,наиболее,0,0,1,3,8,0.0,0,1
1775,1775,значим,0,0,1,3,6,0.0,0,1
1776,1776,пациенток,0,0,1,3,9,0.0,0,1
1777,1777,определенными,0,0,1,3,13,0.0,0,0
1778,1778,причинами,0,0,1,3,9,0.0,0,0
1779,1779,бесплодия,0,0,1,3,9,0.0,0,1
1780,1780,.,0,1,0,0,1,0.0,0,0
1781,1781,В,0,0,1,0,1,1.0,0,1
1782,1782,исследовании,0,0,1,3,12,0.0,0,1
1783,1783,Butts,0,0,1,3,5,0.2,0,0
1784,1784,S.F,1,1,1,0,3,0.6666666666666666,1,0
1785,1785,.,0,1,0,0,1,0.0,0,0
1786,1786,показано,0,0,1,3,8,0.0,0,1
1787,1787,",",0,1,0,0,1,0.0,0,0
1788,1788,уровень,0,0,1,3,7,0.0,0,0
1789,1789,витамина,0,0,1,3,8,0.0,0,1
1790,1790,D,0,0,1,0,1,1.0,0,0
1791,1791,оказывал,0,0,1,3,8,0.0,0,0
1792,1792,влияния,0,0,1,3,7,0.0,0,1
1793,1793,результаты,0,0,1,3,10,0.0,0,1
1794,1794,индукции,0,0,1,3,8,0.0,0,1
1795,1795,овуляции,0,0,1,3,8,0.0,0,1
1796,1796,(,0,1,0,0,1,0.0,0,0
1797,1797,ИО,1,0,1,3,2,1.0,1,0
1798,1798,),0,1,0,0,1,0.0,0,0
1799,1799,женщин,0,0,1,3,6,0.0,0,1
1800,1800,бесплодием,0,0,1,3,10,0.0,0,1
1801,1801,неясного,0,0,1,3,8,0.0,0,1
1802,1802,генеза,0,0,1,3,6,0.0,0,0
1803,1803,.,0,1,0,0,1,0.0,0,0
1804,1804,При,0,0,1,3,3,0.3333333333333333,0,1
1805,1805,второй,0,0,1,3,6,0.0,0,1
1806,1806,ветви,0,0,1,3,5,0.0,0,1
1807,1807,исследования,0,0,1,3,12,0.0,0,1
1808,1808,",",0,1,0,0,1,0.0,0,0
1809,1809,включены,0,0,1,3,8,0.0,0,1
1810,1810,пациентки,0,0,1,3,9,0.0,0,1
1811,1811,СПКЯ,1,0,1,3,4,1.0,1,0
1812,1812,",",0,1,0,0,1,0.0,0,0
1813,1813,частота,0,0,1,3,7,0.0,0,1
1814,1814,живорождения,0,0,1,3,12,0.0,0,1
1815,1815,ниже,0,0,1,3,4,0.0,0,1
1816,1816,37,0,0,2,0,2,0.0,0,0
1817,1817,%,0,1,0,0,1,0.0,0,0
1818,1818,женщин,0,0,1,3,6,0.0,0,1
1819,1819,низким,0,0,1,3,6,0.0,0,1
1820,1820,уровнем,0,0,1,3,7,0.0,0,0
1821,1821,витамина,0,0,1,3,8,0.0,0,1
1822,1822,D,0,0,1,0,1,1.0,0,0
1823,1823,.,0,1,0,0,1,0.0,0,0
1824,1824,Аналогичные,0,0,1,3,11,0.09090909090909091,0,1
1825,1825,результаты,0,0,1,3,10,0.0,0,1
1826,1826,получены,0,0,1,3,8,0.0,0,1
1827,1827,дополнительном,0,0,1,3,14,0.0,0,1
1828,1828,анализе,0,0,1,3,7,0.0,0,1
1829,1829,эффективности,0,0,1,3,13,0.0,0,1
1830,1830,ИО,1,0,1,3,2,1.0,1,0
1831,1831,работе,0,0,1,3,6,0.0,0,1
1832,1832,Pal,0,0,1,3,3,0.3333333333333333,0,0
1833,1833,L.,1,1,1,0,2,0.5,0,0
1834,1834,соавт,1,0,1,3,5,0.0,0,0
1835,1835,.,0,1,0,0,1,0.0,0,0
1836,1836,ЧО,1,0,1,3,2,1.0,1,1
1837,1837,шансы,0,0,1,3,5,0.0,0,1
1838,1838,рождение,0,0,1,3,8,0.0,0,1
1839,1839,живого,0,0,1,3,6,0.0,0,1
1840,1840,ребенка,0,0,1,3,7,0.0,0,0
1841,1841,напрямую,0,0,1,3,8,0.0,0,1
1842,1842,связаны,0,0,1,3,7,0.0,0,1
1843,1843,уровнем,0,0,1,3,7,0.0,0,0
1844,1844,витамина,0,0,1,3,8,0.0,0,1
1845,1845,D,0,0,1,0,1,1.0,0,0
1846,1846,:,0,1,0,0,1,0.0,0,0
1847,1847,пациенток,0,0,1,3,9,0.0,0,1
1848,1848,уровнем,0,0,1,3,7,0.0,0,0
1849,1849,витамина,0,0,1,3,8,0.0,0,1
1850,1850,D,0,0,1,0,1,1.0,0,0
1851,1851,38,0,0,2,0,2,0.0,0,0
1852,1852,нг/мл,1,1,1,0,5,0.0,0,0
1853,1853,частота,0,0,1,3,7,0.0,0,1
1854,1854,родов,0,0,1,3,5,0.0,0,1
1855,1855,выше,0,0,1,3,4,0.0,0,1
1856,1856,4,0,0,2,0,1,0.0,0,0
1857,1857,раза,0,0,1,3,4,0.0,0,1
1858,1858,(,0,1,0,0,1,0.0,0,0
1859,1859,ОР,1,0,1,3,2,1.0,1,0
1860,1860,"4,5",0,1,2,0,3,0.0,0,0
1861,1861,",",0,1,0,0,1,0.0,0,0
1862,1862,95,0,0,2,0,2,0.0,0,0
1863,1863,%,0,1,0,0,1,0.0,0,0
1864,1864,ДИ,1,0,1,3,2,1.0,1,0
1865,1865,"1,27–15,72",0,1,2,0,10,0.0,0,0
1866,1866,),0,1,0,0,1,0.0,0,0
1867,1867,.,0,1,0,0,1,0.0,0,0
1868,1868,Вероятно,0,0,1,3,8,0.125,0,1
1869,1869,",",0,1,0,0,1,0.0,0,0
1870,1870,эта,0,0,1,3,3,0.0,0,1
1871,1871,зависимость,0,0,1,3,11,0.0,0,1
1872,1872,сохраняется,0,0,1,3,11,0.0,0,1
1873,1873,циклах,0,0,1,3,6,0.0,0,1
1874,1874,ВРТ,1,0,1,0,3,1.0,1,0
1875,1875,:,0,1,0,0,1,0.0,0,0
1876,1876,ранд,0,0,1,3,4,0.0,0,0
1877,1877,клиническое,0,0,1,3,11,0.0,0,1
1878,1878,исследование,0,0,1,3,12,0.0,0,1
1879,1879,",",0,1,0,0,1,0.0,0,0
1880,1880,опубликованное,0,0,1,3,14,0.0,0,1
1881,1881,2019,0,0,2,0,4,0.0,0,0
1882,1882,г.,0,1,1,0,2,0.0,0,0
1883,1883,",",0,1,0,0,1,0.0,0,0
1884,1884,показало,0,0,1,3,8,0.0,0,1
1885,1885,",",0,1,0,0,1,0.0,0,0
1886,1886,пациенток,0,0,1,3,9,0.0,0,1
1887,1887,СПКЯ,1,0,1,3,4,1.0,1,0
1888,1888,частота,0,0,1,3,7,0.0,0,1
1889,1889,наступления,0,0,1,3,11,0.0,0,1
1890,1890,беременности,0,0,1,3,12,0.0,0,1
1891,1891,значительно,0,0,1,3,11,0.0,0,1
1892,1892,ниже,0,0,1,3,4,0.0,0,1
1893,1893,дефиците,0,0,1,3,8,0.0,0,1
1894,1894,витамина,0,0,1,3,8,0.0,0,1
1895,1895,D.,0,1,1,0,2,0.5,0,0
1896,1896,Также,0,0,1,3,5,0.2,0,1
1897,1897,авторы,0,0,1,3,6,0.0,0,1
1898,1898,отметили,0,0,1,3,8,0.0,0,1
1899,1899,снижение,0,0,1,3,8,0.0,0,1
1900,1900,частоты,0,0,1,3,7,0.0,0,1
1901,1901,оплод,0,0,1,3,5,0.0,0,0
1902,1902,.,0,1,0,0,1,0.0,0,0
1903,1903,получения,0,0,1,3,9,0.0,0,1
1904,1904,эмбрионов,0,0,1,3,9,0.0,0,1
1905,1905,.,0,1,0,0,1,0.0,0,0
1906,1906,При,0,0,1,3,3,0.3333333333333333,0,1
1907,1907,группе,0,0,1,3,6,0.0,0,1
1908,1908,женщин,0,0,1,3,6,0.0,0,1
1909,1909,",",0,1,0,0,1,0.0,0,0
1910,1910,которые,0,0,1,3,7,0.0,0,1
1911,1911,исходно,0,0,1,3,7,0.0,0,0
1912,1912,имели,0,0,1,3,5,0.0,0,1
1913,1913,дефицит,0,0,1,3,7,0.0,0,1
1914,1914,",",0,1,0,0,1,0.0,0,0
1915,1915,получали,0,0,1,3,8,0.0,0,1
1916,1916,лечебную,0,0,1,3,8,0.0,0,1
1917,1917,дозу,0,0,1,3,4,0.0,0,1
1918,1918,витамина,0,0,1,3,8,0.0,0,1
1919,1919,D,0,0,1,0,1,1.0,0,0
1920,1920,",",0,1,0,0,1,0.0,0,0
1921,1921,отмечены,0,0,1,3,8,0.0,0,1
1922,1922,нормализация,0,0,1,3,12,0.0,0,1
1923,1923,уровня,0,0,1,3,6,0.0,0,0
1924,1924,сыворотке,0,0,1,3,9,0.0,0,1
1925,1925,крови,0,0,1,3,5,0.0,0,1
1926,1926,",",0,1,0,0,1,0.0,0,0
1927,1927,повышение,0,0,1,3,9,0.0,0,1
1928,1928,количества,0,0,1,3,10,0.0,0,0
1929,1929,эмбрионов,0,0,1,3,9,0.0,0,1
1930,1930,",",0,1,0,0,1,0.0,0,0
1931,1931,пригодных,0,0,1,3,9,0.0,0,1
1932,1932,переноса,0,0,1,3,8,0.0,0,1
1933,1933,",",0,1,0,0,1,0.0,0,0
1934,1934,числа,0,0,1,3,5,0.0,0,1
1935,1935,эмбрионов,0,0,1,3,9,0.0,0,1
1936,1936,топ-качества,0,1,1,3,12,0.0,0,0
1937,1937,",",0,1,0,0,1,0.0,0,0
1938,1938,также,0,0,1,3,5,0.0,0,1
1939,1939,частоты,0,0,1,3,7,0.0,0,1
1940,1940,наступления,0,0,1,3,11,0.0,0,1
1941,1941,беременности,0,0,1,3,12,0.0,0,1
1942,1942,.,0,1,0,0,1,0.0,0,0
1943,1943,ЗАКЛЮЧЕНИЕ,0,0,1,3,10,1.0,1,1
1944,1944,Витамин,0,0,1,3,7,0.14285714285714285,0,1
1945,1945,D,0,0,1,0,1,1.0,0,0
1946,1946,участвует,0,0,1,3,9,0.0,0,1
1947,1947,работе,0,0,1,3,6,0.0,0,1
1948,1948,репродуктивной,0,0,1,3,14,0.0,0,1
1949,1949,системы,0,0,1,3,7,0.0,0,1
1950,1950,женщин,0,0,1,3,6,0.0,0,1
1951,1951,",",0,1,0,0,1,0.0,0,0
1952,1952,мужчин,0,0,1,3,6,0.0,0,1
1953,1953,.,0,1,0,0,1,0.0,0,0
1954,1954,Недостаточность,0,0,1,3,15,0.06666666666666667,0,1
1955,1955,дефицит,0,0,1,3,7,0.0,0,1
1956,1956,витамина,0,0,1,3,8,0.0,0,1
1957,1957,пациенток,0,0,1,3,9,0.0,0,1
1958,1958,бесплодием,0,0,1,3,10,0.0,0,1
1959,1959,встречаются,0,0,1,3,11,0.0,0,1
1960,1960,чаще,0,0,1,3,4,0.0,0,1
1961,1961,",",0,1,0,0,1,0.0,0,0
1962,1962,популяции,0,0,1,3,9,0.0,0,1
1963,1963,.,0,1,0,0,1,0.0,0,0
1964,1964,Его,0,0,1,3,3,0.3333333333333333,0,1
1965,1965,низкий,0,0,1,3,6,0.0,0,1
1966,1966,уровень,0,0,1,3,7,0.0,0,0
1967,1967,влияет,0,0,1,3,6,0.0,0,1
1968,1968,частоту,0,0,1,3,7,0.0,0,1
1969,1969,наступления,0,0,1,3,11,0.0,0,1
1970,1970,беременности,0,0,1,3,12,0.0,0,1
1971,1971,родов,0,0,1,3,5,0.0,0,1
1972,1972,циклах,0,0,1,3,6,0.0,0,1
1973,1973,стимуляции,0,0,1,3,10,0.0,0,0
1974,1974,овуляции,0,0,1,3,8,0.0,0,1
1975,1975,применении,0,0,1,3,10,0.0,0,1
1976,1976,ВРТ,1,0,1,0,3,1.0,1,0
1977,1977,.,0,1,0,0,1,0.0,0,0
1978,1978,Возможные,0,0,1,3,9,0.1111111111111111,0,1
1979,1979,мех,1,0,1,3,3,0.0,0,1
1980,1980,негативного,0,0,1,3,11,0.0,0,1
1981,1981,влияния,0,0,1,3,7,0.0,0,1
1982,1982,могут,0,0,1,3,5,0.0,0,1
1983,1983,связаны,0,0,1,3,7,0.0,0,1
1984,1984,качеством,0,0,1,3,9,0.0,0,1
1985,1985,ооцита,0,0,1,3,6,0.0,0,0
1986,1986,(,0,1,0,0,1,0.0,0,0
1987,1987,особенно,0,0,1,3,8,0.0,0,1
1988,1988,пациенток,0,0,1,3,9,0.0,0,1
1989,1989,СПКЯ,1,0,1,3,4,1.0,1,0
1990,1990,),0,1,0,0,1,0.0,0,0
1991,1991,рецептивностью,0,0,1,3,14,0.0,0,0
1992,1992,эндометрия,0,0,1,3,10,0.0,0,1
1993,1993,.,0,1,0,0,1,0.0,0,0
1994,1994,Дальнейшие,0,0,1,3,10,0.1,0,1
1995,1995,исследования,0,0,1,3,12,0.0,0,1
1996,1996,требуются,0,0,1,3,9,0.0,0,1
1997,1997,изучения,0,0,1,3,8,0.0,0,1
1998,1998,конкретных,0,0,1,3,10,0.0,0,1
1999,1999,механизмов,0,0,1,3,10,0.0,0,1
2000,2000,участия,0,0,1,3,7,0.0,0,1
2001,2001,витамина,0,0,1,3,8,0.0,0,1
2002,2002,D,0,0,1,0,1,1.0,0,0
2003,2003,патогенезе,0,0,1,3,10,0.0,0,1
2004,2004,бесплодия,0,0,1,3,9,0.0,0,1
2005,2005,",",0,1,0,0,1,0.0,0,0
2006,2006,также,0,0,1,3,5,0.0,0,1
2007,2007,возможности,0,0,1,3,11,0.0,0,1
2008,2008,восполнения,0,0,1,3,11,0.0,0,1
2009,2009,дефицита,0,0,1,3,8,0.0,0,1
2010,2010,точки,0,0,1,3,5,0.0,0,1
2011,2011,зрения,0,0,1,3,6,0.0,0,1
2012,2012,повышения,0,0,1,3,9,0.0,0,1
2013,2013,эффективности,0,0,1,3,13,0.0,0,1
2014,2014,методов,0,0,1,3,7,0.0,0,1
2015,2015,лечения,0,0,1,3,7,0.0,0,1
2016,2016,бесплодия,0,0,1,3,9,0.0,0,1
2017,2017,",",0,1,0,0,1,0.0,0,0
2018,2018,числе,0,0,1,3,5,0.0,0,1
2019,2019,применением,0,0,1,3,11,0.0,0,1
2020,2020,ВРТ,1,0,1,0,3,1.0,1,0
2021,2021,.,0,1,0,0,1,0.0,0,0
